work_id,people_id,county_id,status,cancellation_id,scheduled_start,scheduled_end
4614,90,2,Completed,5,2026-06-22 07:00:00,2026-06-22 14:29:24
6502,162,9,Completed,2,2026-06-26 08:00:00,2026-06-26 16:35:24
998,120,7,Confirmed,2,2026-05-20 09:00:00,2026-05-20 15:15:00
1994,205,5,Scheduled,9,2026-05-07 08:00:00,2026-05-07 12:48:00
112,139,5,Scheduled,1,2026-05-13 10:00:00,2026-05-13 17:28:12
3959,250,6,Completed,5,2026-06-21 10:00:00,2026-06-21 13:45:36
6097,247,5,Completed,3,2026-04-25 07:00:00,2026-04-25 13:34:12
1316,153,9,Confirmed,5,2026-05-01 09:00:00,2026-05-01 15:13:12
1088,35,7,Completed,7,2026-05-09 07:00:00,2026-05-09 10:09:00
42,23,1,Confirmed,7,2026-06-11 07:00:00,2026-06-11 10:45:36
5065,49,9,Scheduled,3,2026-05-11 09:00:00,2026-05-11 15:27:00
903,170,5,Confirmed,1,2026-06-21 07:00:00,2026-06-21 14:34:12
2953,161,7,Confirmed,4,2026-05-30 10:00:00,2026-05-30 15:48:36
5568,231,5,Scheduled,5,2026-05-12 09:00:00,2026-05-12 12:22:12
4976,172,8,Completed,1,2026-05-28 09:00:00,2026-05-28 12:01:12
5499,91,10,Confirmed,1,2026-04-18 09:00:00,2026-04-18 13:31:12
2801,57,5,Confirmed,7,2026-04-30 06:00:00,2026-04-30 09:22:12
6404,193,7,Scheduled,6,2026-05-22 10:00:00,2026-05-22 18:06:36
4257,242,2,Scheduled,5,2026-05-07 08:00:00,2026-05-07 14:06:00
748,211,3,Scheduled,10,2026-05-05 10:00:00,2026-05-05 16:27:00
6899,287,4,Scheduled,9,2026-05-08 09:00:00,2026-05-08 18:12:00
511,136,10,Completed,2,2026-04-17 07:00:00,2026-04-17 11:52:48
5720,17,9,Confirmed,4,2026-06-14 06:00:00,2026-06-14 14:22:48
6233,193,8,Scheduled,4,2026-04-11 08:00:00,2026-04-11 16:40:48
6105,264,2,Scheduled,7,2026-06-16 06:00:00,2026-06-16 12:19:48
4162,249,8,Confirmed,8,2026-05-24 10:00:00,2026-05-24 15:15:36
5820,127,8,Scheduled,8,2026-06-13 09:00:00,2026-06-13 16:12:36
576,232,10,Completed,3,2026-04-22 08:00:00,2026-04-22 16:12:00
5964,109,1,Confirmed,4,2026-04-24 10:00:00,2026-04-24 16:31:48
697,261,5,Completed,10,2026-05-04 10:00:00,2026-05-04 14:36:36
1167,255,9,Scheduled,10,2026-04-05 09:00:00,2026-04-05 15:48:36
203,167,6,Scheduled,7,2026-06-01 09:00:00,2026-06-01 14:07:12
2935,119,9,Scheduled,9,2026-04-17 06:00:00,2026-04-17 10:20:24
3203,91,4,Completed,9,2026-06-23 10:00:00,2026-06-23 15:17:24
1353,173,10,Scheduled,7,2026-06-13 08:00:00,2026-06-13 14:22:12
5182,66,6,Confirmed,8,2026-04-16 06:00:00,2026-04-16 13:50:24
4860,243,10,Completed,4,2026-06-10 06:00:00,2026-06-10 12:24:00
3101,242,10,Scheduled,5,2026-06-15 07:00:00,2026-06-15 13:07:12
3459,132,7,Completed,8,2026-04-16 09:00:00,2026-04-16 13:47:24
2601,154,6,Confirmed,3,2026-06-25 09:00:00,2026-06-25 15:51:00
5595,179,7,Completed,1,2026-06-22 06:00:00,2026-06-22 09:13:12
331,124,2,Completed,7,2026-05-11 06:00:00,2026-05-11 11:13:12
3159,257,10,Completed,1,2026-06-03 07:00:00,2026-06-03 13:14:24
2727,287,4,Confirmed,2,2026-05-31 08:00:00,2026-05-31 15:42:36
4217,66,3,Scheduled,3,2026-06-08 09:00:00,2026-06-08 16:06:36
4734,40,7,Scheduled,9,2026-05-28 08:00:00,2026-05-28 16:24:00
3538,246,3,Scheduled,5,2026-05-15 06:00:00,2026-05-15 10:17:24
2511,257,1,Confirmed,6,2026-05-27 09:00:00,2026-05-27 13:35:24
5027,284,2,Confirmed,3,2026-04-18 10:00:00,2026-04-18 15:40:12
1138,239,7,Confirmed,2,2026-04-09 08:00:00,2026-04-09 14:50:24
6585,210,3,Confirmed,10,2026-04-03 10:00:00,2026-04-03 14:07:48
611,261,5,Confirmed,4,2026-06-10 06:00:00,2026-06-10 13:52:12
6564,175,4,Confirmed,1,2026-04-19 09:00:00,2026-04-19 14:54:36
4792,227,10,Confirmed,3,2026-06-28 10:00:00,2026-06-28 14:25:12
1565,299,6,Completed,2,2026-04-08 08:00:00,2026-04-08 14:12:36
5007,126,2,Completed,2,2026-04-14 09:00:00,2026-04-14 13:04:48
2891,87,2,Completed,7,2026-04-07 08:00:00,2026-04-07 12:11:24
1403,63,3,Completed,9,2026-06-09 08:00:00,2026-06-09 13:07:48
3058,140,8,Completed,6,2026-05-09 07:00:00,2026-05-09 10:24:00
3069,118,10,Completed,3,2026-06-10 06:00:00,2026-06-10 13:34:48
4045,31,3,Confirmed,8,2026-05-29 08:00:00,2026-05-29 12:05:24
201,126,3,Scheduled,1,2026-04-03 07:00:00,2026-04-03 16:10:48
434,31,10,Completed,3,2026-06-07 06:00:00,2026-06-07 10:02:24
4266,4,9,Completed,1,2026-05-07 08:00:00,2026-05-07 13:48:00
6802,66,1,Completed,2,2026-05-09 08:00:00,2026-05-09 14:09:36
4788,247,1,Completed,8,2026-05-16 09:00:00,2026-05-16 15:42:00
2158,174,2,Completed,6,2026-05-02 07:00:00,2026-05-02 11:48:36
896,72,1,Confirmed,2,2026-06-15 06:00:00,2026-06-15 10:45:36
487,46,2,Confirmed,8,2026-06-05 08:00:00,2026-06-05 14:24:36
2606,28,9,Scheduled,5,2026-05-19 10:00:00,2026-05-19 14:44:24
1906,205,4,Scheduled,9,2026-05-17 09:00:00,2026-05-17 15:53:24
1135,9,4,Confirmed,5,2026-06-26 07:00:00,2026-06-26 13:16:12
4572,145,3,Scheduled,3,2026-06-01 10:00:00,2026-06-01 16:06:36
2110,30,6,Completed,7,2026-05-09 06:00:00,2026-05-09 13:04:12
5064,138,6,Confirmed,2,2026-06-15 10:00:00,2026-06-15 19:26:24
6207,292,6,Scheduled,5,2026-05-31 10:00:00,2026-05-31 17:59:24
1441,132,8,Scheduled,7,2026-05-04 10:00:00,2026-05-04 13:49:48
21,139,3,Confirmed,7,2026-06-23 08:00:00,2026-06-23 12:13:12
6276,84,1,Confirmed,7,2026-05-09 10:00:00,2026-05-09 17:18:00
405,37,2,Completed,8,2026-05-31 08:00:00,2026-05-31 14:43:12
1257,263,4,Confirmed,4,2026-06-11 08:00:00,2026-06-11 14:41:24
958,205,1,Scheduled,2,2026-06-07 09:00:00,2026-06-07 12:26:24
6002,166,1,Completed,4,2026-05-26 06:00:00,2026-05-26 10:19:12
2657,137,6,Completed,5,2026-06-06 10:00:00,2026-06-06 15:09:36
3404,263,6,Scheduled,2,2026-06-09 06:00:00,2026-06-09 13:32:24
6634,235,6,Confirmed,1,2026-06-05 08:00:00,2026-06-05 13:27:00
1787,201,9,Scheduled,3,2026-04-28 08:00:00,2026-04-28 14:34:48
1471,6,4,Scheduled,10,2026-06-10 08:00:00,2026-06-10 15:16:48
881,206,10,Confirmed,10,2026-05-12 06:00:00,2026-05-12 12:29:24
1278,261,9,Completed,7,2026-04-12 10:00:00,2026-04-12 18:10:12
5497,165,8,Completed,4,2026-06-03 10:00:00,2026-06-03 15:12:00
4762,63,8,Completed,8,2026-06-02 10:00:00,2026-06-02 17:31:48
2246,98,2,Confirmed,3,2026-05-20 08:00:00,2026-05-20 12:45:00
5368,147,7,Confirmed,4,2026-04-23 10:00:00,2026-04-23 16:37:48
2146,22,1,Completed,1,2026-05-18 06:00:00,2026-05-18 12:56:24
2618,227,1,Completed,4,2026-04-10 08:00:00,2026-04-10 12:24:00
6810,150,1,Scheduled,6,2026-06-17 07:00:00,2026-06-17 11:01:48
5149,77,2,Confirmed,10,2026-04-20 08:00:00,2026-04-20 14:00:00
6579,247,1,Confirmed,7,2026-04-13 10:00:00,2026-04-13 16:26:24
5712,104,3,Confirmed,2,2026-04-28 09:00:00,2026-04-28 14:39:36
5217,18,9,Scheduled,2,2026-05-25 06:00:00,2026-05-25 13:33:00
1254,299,7,Scheduled,10,2026-04-17 06:00:00,2026-04-17 10:34:12
1283,115,10,Confirmed,6,2026-06-06 07:00:00,2026-06-06 12:10:12
4913,296,1,Confirmed,9,2026-06-09 08:00:00,2026-06-09 11:31:48
3527,27,6,Scheduled,9,2026-05-07 09:00:00,2026-05-07 17:12:36
877,284,10,Scheduled,1,2026-05-05 07:00:00,2026-05-05 10:28:12
6312,241,1,Confirmed,3,2026-05-20 10:00:00,2026-05-20 16:06:00
3218,189,10,Scheduled,1,2026-06-13 10:00:00,2026-06-13 14:10:12
6570,200,2,Confirmed,8,2026-04-17 09:00:00,2026-04-17 16:18:36
3301,143,2,Confirmed,2,2026-05-07 07:00:00,2026-05-07 12:42:00
1671,179,7,Scheduled,9,2026-06-03 09:00:00,2026-06-03 12:39:36
1628,2,6,Scheduled,8,2026-04-14 10:00:00,2026-04-14 16:12:00
3149,167,3,Scheduled,9,2026-06-28 09:00:00,2026-06-28 12:50:24
5776,107,10,Confirmed,3,2026-05-05 10:00:00,2026-05-05 13:32:24
2227,121,10,Scheduled,7,2026-04-07 07:00:00,2026-04-07 12:51:36
3477,33,2,Scheduled,9,2026-04-08 07:00:00,2026-04-08 14:02:24
518,20,2,Confirmed,2,2026-05-11 07:00:00,2026-05-11 12:14:24
6303,212,5,Confirmed,8,2026-06-15 07:00:00,2026-06-15 15:39:36
5511,133,4,Completed,10,2026-05-05 10:00:00,2026-05-05 16:07:48
655,197,4,Confirmed,9,2026-05-20 08:00:00,2026-05-20 12:58:12
318,37,4,Completed,10,2026-05-14 07:00:00,2026-05-14 11:40:48
3178,59,3,Completed,9,2026-04-30 09:00:00,2026-04-30 13:10:48
6939,40,4,Completed,6,2026-06-23 08:00:00,2026-06-23 11:50:24
274,185,6,Scheduled,2,2026-04-10 07:00:00,2026-04-10 13:34:48
350,20,10,Completed,10,2026-05-09 09:00:00,2026-05-09 14:57:36
3528,63,6,Completed,4,2026-05-29 10:00:00,2026-05-29 14:58:12
5802,7,7,Completed,1,2026-05-20 09:00:00,2026-05-20 13:04:48
4417,269,5,Completed,1,2026-05-02 06:00:00,2026-05-02 09:06:00
6640,292,1,Completed,8,2026-06-27 09:00:00,2026-06-27 15:56:24
5202,184,4,Scheduled,4,2026-05-17 08:00:00,2026-05-17 12:42:36
6593,236,8,Confirmed,4,2026-04-10 07:00:00,2026-04-10 13:26:24
3279,268,2,Scheduled,10,2026-05-06 10:00:00,2026-05-06 14:06:00
6588,140,7,Scheduled,10,2026-05-25 09:00:00,2026-05-25 14:20:24
1819,229,8,Confirmed,9,2026-06-21 09:00:00,2026-06-21 14:24:00
6136,94,6,Completed,7,2026-05-25 09:00:00,2026-05-25 12:11:24
5046,156,8,Completed,6,2026-04-08 07:00:00,2026-04-08 10:51:00
6337,213,4,Completed,4,2026-05-23 06:00:00,2026-05-23 11:07:12
4076,54,6,Scheduled,5,2026-06-26 09:00:00,2026-06-26 15:00:00
3814,174,3,Scheduled,8,2026-04-10 09:00:00,2026-04-10 17:20:24
1744,77,2,Scheduled,7,2026-04-24 08:00:00,2026-04-24 15:15:36
522,283,6,Completed,4,2026-06-19 06:00:00,2026-06-19 13:26:24
5630,284,6,Confirmed,5,2026-04-26 06:00:00,2026-04-26 15:12:36
2562,144,9,Confirmed,9,2026-05-05 06:00:00,2026-05-05 11:30:00
1545,105,8,Scheduled,4,2026-05-07 10:00:00,2026-05-07 15:26:24
4039,211,9,Completed,4,2026-06-14 08:00:00,2026-06-14 11:01:48
5144,288,2,Completed,10,2026-06-03 08:00:00,2026-06-03 13:38:24
6116,98,3,Completed,1,2026-05-19 09:00:00,2026-05-19 18:24:36
6399,203,7,Scheduled,6,2026-04-09 09:00:00,2026-04-09 12:19:48
4230,181,5,Completed,5,2026-05-03 07:00:00,2026-05-03 14:45:00
2655,68,1,Completed,3,2026-04-17 10:00:00,2026-04-17 19:11:24
3686,167,6,Completed,3,2026-04-13 06:00:00,2026-04-13 10:59:24
468,118,2,Confirmed,4,2026-06-04 10:00:00,2026-06-04 14:15:36
1286,264,7,Scheduled,2,2026-04-03 09:00:00,2026-04-03 12:46:48
2231,153,6,Scheduled,5,2026-05-07 08:00:00,2026-05-07 11:03:00
2510,273,1,Completed,9,2026-05-08 06:00:00,2026-05-08 14:16:48
5403,270,7,Completed,3,2026-05-20 07:00:00,2026-05-20 14:31:48
6429,153,9,Scheduled,4,2026-05-09 09:00:00,2026-05-09 17:01:48
2398,24,1,Confirmed,7,2026-06-07 10:00:00,2026-06-07 15:07:12
3554,8,8,Scheduled,6,2026-04-21 10:00:00,2026-04-21 14:20:24
1125,132,5,Completed,1,2026-05-12 10:00:00,2026-05-12 16:25:12
4883,167,7,Completed,8,2026-05-22 06:00:00,2026-05-22 10:21:00
6487,160,4,Completed,2,2026-05-24 06:00:00,2026-05-24 10:31:48
4118,175,1,Completed,10,2026-04-12 07:00:00,2026-04-12 11:39:00
4259,163,3,Completed,7,2026-04-27 10:00:00,2026-04-27 16:18:00
6555,243,3,Scheduled,5,2026-05-22 09:00:00,2026-05-22 18:09:00
6962,221,1,Completed,2,2026-05-18 09:00:00,2026-05-18 16:12:36
4723,210,8,Completed,10,2026-05-31 09:00:00,2026-05-31 13:12:00
4499,207,2,Completed,8,2026-06-16 10:00:00,2026-06-16 16:47:24
661,149,2,Completed,8,2026-05-14 09:00:00,2026-05-14 16:57:00
5650,76,10,Completed,7,2026-04-25 07:00:00,2026-04-25 13:33:00
1143,271,7,Confirmed,4,2026-06-10 09:00:00,2026-06-10 13:49:12
3227,78,8,Confirmed,3,2026-06-12 09:00:00,2026-06-12 15:09:36
95,145,9,Confirmed,9,2026-06-04 06:00:00,2026-06-04 13:53:24
6473,216,10,Completed,4,2026-04-18 07:00:00,2026-04-18 13:34:12
3944,213,7,Confirmed,6,2026-04-07 09:00:00,2026-04-07 15:04:12
1341,88,8,Scheduled,7,2026-05-17 07:00:00,2026-05-17 13:07:12
351,175,3,Scheduled,10,2026-04-02 10:00:00,2026-04-02 14:27:00
126,256,6,Confirmed,4,2026-05-08 10:00:00,2026-05-08 16:56:24
850,196,8,Scheduled,7,2026-06-14 07:00:00,2026-06-14 11:33:00
5628,68,8,Scheduled,2,2026-04-20 07:00:00,2026-04-20 11:24:00
4122,128,4,Scheduled,10,2026-05-06 08:00:00,2026-05-06 12:15:00
6480,294,2,Completed,6,2026-06-15 10:00:00,2026-06-15 13:00:36
3287,20,3,Confirmed,10,2026-06-10 08:00:00,2026-06-10 13:00:00
3445,151,3,Confirmed,2,2026-06-29 08:00:00,2026-06-29 13:13:12
6575,43,1,Confirmed,1,2026-04-28 08:00:00,2026-04-28 14:20:24
3391,70,1,Scheduled,5,2026-04-22 08:00:00,2026-04-22 12:13:12
1378,260,5,Confirmed,9,2026-04-26 06:00:00,2026-04-26 11:18:00
2085,216,8,Confirmed,3,2026-06-10 08:00:00,2026-06-10 14:06:00
2760,255,7,Completed,9,2026-06-06 10:00:00,2026-06-06 15:39:00
6230,203,3,Completed,6,2026-04-22 09:00:00,2026-04-22 13:21:36
3397,77,8,Confirmed,10,2026-05-14 09:00:00,2026-05-14 12:16:12
6516,245,2,Completed,3,2026-06-28 08:00:00,2026-06-28 12:06:36
1626,226,8,Scheduled,10,2026-05-31 07:00:00,2026-05-31 15:28:12
6820,242,3,Scheduled,5,2026-05-20 07:00:00,2026-05-20 13:27:36
2877,245,3,Completed,2,2026-04-22 09:00:00,2026-04-22 12:09:00
2582,74,8,Confirmed,3,2026-06-09 06:00:00,2026-06-09 14:58:12
1510,44,6,Completed,4,2026-04-24 10:00:00,2026-04-24 19:06:00
980,66,1,Confirmed,5,2026-05-14 10:00:00,2026-05-14 16:57:36
4153,223,4,Confirmed,7,2026-05-30 09:00:00,2026-05-30 12:19:48
1652,43,3,Confirmed,8,2026-04-18 09:00:00,2026-04-18 13:52:48
2425,43,7,Scheduled,3,2026-05-10 06:00:00,2026-05-10 10:14:24
3267,154,3,Scheduled,8,2026-04-25 08:00:00,2026-04-25 12:33:00
4452,2,10,Confirmed,5,2026-05-17 09:00:00,2026-05-17 14:59:24
1977,41,8,Confirmed,6,2026-04-22 10:00:00,2026-04-22 14:25:48
3387,129,9,Completed,4,2026-05-29 06:00:00,2026-05-29 11:34:48
1936,131,9,Confirmed,2,2026-06-27 06:00:00,2026-06-27 12:49:12
1124,220,9,Confirmed,9,2026-05-17 08:00:00,2026-05-17 16:45:00
1747,172,5,Confirmed,1,2026-05-19 06:00:00,2026-05-19 11:03:36
6697,193,2,Completed,3,2026-06-12 09:00:00,2026-06-12 15:18:00
3189,63,8,Scheduled,1,2026-04-21 08:00:00,2026-04-21 14:00:36
4083,18,5,Scheduled,9,2026-05-27 06:00:00,2026-05-27 11:46:48
5880,128,7,Confirmed,1,2026-06-03 07:00:00,2026-06-03 13:11:24
3067,265,7,Scheduled,8,2026-04-19 10:00:00,2026-04-19 18:04:12
6159,289,6,Scheduled,8,2026-05-24 09:00:00,2026-05-24 12:20:24
6566,79,9,Completed,6,2026-06-24 06:00:00,2026-06-24 11:42:36
3437,279,4,Scheduled,6,2026-06-04 07:00:00,2026-06-04 13:36:36
6755,250,6,Confirmed,1,2026-04-16 07:00:00,2026-04-16 11:27:36
6269,199,2,Completed,3,2026-06-28 08:00:00,2026-06-28 11:57:00
5997,129,9,Scheduled,3,2026-06-14 07:00:00,2026-06-14 10:15:00
5236,256,6,Scheduled,8,2026-06-14 07:00:00,2026-06-14 11:25:48
2849,300,7,Scheduled,10,2026-04-09 10:00:00,2026-04-09 13:57:36
641,164,2,Scheduled,10,2026-04-01 06:00:00,2026-04-01 10:01:12
448,123,9,Confirmed,8,2026-04-02 10:00:00,2026-04-02 19:06:36
5879,222,1,Scheduled,9,2026-06-14 07:00:00,2026-06-14 12:29:24
686,198,10,Confirmed,6,2026-04-04 07:00:00,2026-04-04 14:24:36
3124,55,5,Confirmed,9,2026-04-09 10:00:00,2026-04-09 15:44:24
2388,260,3,Confirmed,6,2026-06-18 06:00:00,2026-06-18 11:09:36
3948,207,6,Completed,8,2026-04-18 07:00:00,2026-04-18 16:20:24
4108,30,7,Confirmed,8,2026-05-04 08:00:00,2026-05-04 15:24:36
369,95,9,Completed,7,2026-04-12 10:00:00,2026-04-12 16:06:00
5434,121,10,Completed,5,2026-06-25 09:00:00,2026-06-25 16:57:00
1058,194,4,Confirmed,3,2026-04-26 10:00:00,2026-04-26 13:04:12
607,73,8,Scheduled,7,2026-06-20 09:00:00,2026-06-20 12:46:48
4357,184,7,Completed,6,2026-05-13 10:00:00,2026-05-13 17:06:36
5134,39,5,Confirmed,6,2026-05-24 09:00:00,2026-05-24 16:15:00
1741,109,10,Completed,7,2026-05-01 09:00:00,2026-05-01 14:00:36
3708,206,9,Confirmed,5,2026-06-17 10:00:00,2026-06-17 13:36:00
1860,201,4,Completed,6,2026-05-26 08:00:00,2026-05-26 13:03:00
3449,151,6,Scheduled,2,2026-05-13 08:00:00,2026-05-13 12:25:12
455,193,7,Scheduled,5,2026-05-07 09:00:00,2026-05-07 13:31:12
1623,46,4,Confirmed,5,2026-06-17 08:00:00,2026-06-17 15:54:00
6731,265,8,Completed,1,2026-06-24 07:00:00,2026-06-24 14:56:24
3835,299,9,Scheduled,3,2026-05-21 08:00:00,2026-05-21 12:36:36
750,210,5,Completed,9,2026-06-06 08:00:00,2026-06-06 13:12:36
6532,103,3,Scheduled,8,2026-04-07 06:00:00,2026-04-07 14:25:48
5700,241,7,Scheduled,10,2026-06-04 08:00:00,2026-06-04 15:24:00
372,14,8,Completed,7,2026-05-07 07:00:00,2026-05-07 11:47:24
4903,183,8,Completed,7,2026-04-23 06:00:00,2026-04-23 10:42:36
2544,62,2,Completed,10,2026-05-14 06:00:00,2026-05-14 10:25:12
3083,285,10,Completed,2,2026-05-12 07:00:00,2026-05-12 13:54:00
3732,295,7,Completed,3,2026-05-26 10:00:00,2026-05-26 13:43:48
164,278,8,Completed,7,2026-06-01 08:00:00,2026-06-01 12:17:24
3484,241,6,Completed,2,2026-06-27 09:00:00,2026-06-27 13:42:36
6633,55,6,Confirmed,9,2026-04-13 07:00:00,2026-04-13 10:48:00
1959,95,5,Completed,2,2026-04-07 09:00:00,2026-04-07 15:32:24
3568,7,3,Completed,3,2026-04-03 08:00:00,2026-04-03 13:39:36
551,122,9,Scheduled,8,2026-04-24 06:00:00,2026-04-24 14:25:48
1168,110,4,Completed,3,2026-06-20 10:00:00,2026-06-20 17:15:00
4855,174,3,Completed,5,2026-04-11 07:00:00,2026-04-11 14:40:48
2324,179,3,Scheduled,1,2026-06-05 06:00:00,2026-06-05 12:17:24
3140,135,10,Completed,1,2026-05-10 06:00:00,2026-05-10 14:00:36
1482,149,5,Confirmed,1,2026-04-05 10:00:00,2026-04-05 15:37:48
772,150,7,Confirmed,6,2026-04-22 08:00:00,2026-04-22 15:24:36
233,174,8,Scheduled,8,2026-06-13 08:00:00,2026-06-13 12:07:12
1009,83,1,Confirmed,2,2026-04-15 09:00:00,2026-04-15 14:42:00
5644,290,7,Confirmed,9,2026-06-24 08:00:00,2026-06-24 14:23:24
3305,157,8,Completed,2,2026-05-14 08:00:00,2026-05-14 14:07:12
4455,268,3,Confirmed,7,2026-04-16 09:00:00,2026-04-16 12:03:36
5701,271,2,Completed,5,2026-04-14 09:00:00,2026-04-14 13:37:12
446,220,5,Scheduled,5,2026-04-11 10:00:00,2026-04-11 18:55:48
3976,5,9,Confirmed,10,2026-05-27 08:00:00,2026-05-27 12:27:36
2151,282,7,Scheduled,2,2026-04-20 06:00:00,2026-04-20 10:08:24
4633,33,8,Completed,8,2026-06-26 10:00:00,2026-06-26 13:22:12
1047,100,6,Completed,7,2026-06-18 06:00:00,2026-06-18 11:44:24
1874,112,9,Completed,9,2026-04-27 10:00:00,2026-04-27 16:15:36
3862,257,4,Completed,9,2026-05-17 10:00:00,2026-05-17 17:12:00
3858,127,8,Confirmed,6,2026-05-06 08:00:00,2026-05-06 16:34:48
4911,195,6,Scheduled,10,2026-06-11 07:00:00,2026-06-11 10:51:36
3176,282,3,Confirmed,3,2026-05-05 10:00:00,2026-05-05 14:14:24
5249,2,1,Confirmed,1,2026-05-07 10:00:00,2026-05-07 16:03:36
967,44,2,Scheduled,7,2026-04-28 07:00:00,2026-04-28 10:53:24
962,180,4,Scheduled,5,2026-04-08 10:00:00,2026-04-08 19:21:00
1022,266,7,Completed,5,2026-04-30 06:00:00,2026-04-30 14:04:12
5035,170,4,Confirmed,5,2026-04-23 10:00:00,2026-04-23 14:25:12
1193,154,9,Confirmed,3,2026-05-01 10:00:00,2026-05-01 16:33:00
5585,142,9,Completed,4,2026-06-07 08:00:00,2026-06-07 13:07:48
6610,228,4,Scheduled,10,2026-05-24 09:00:00,2026-05-24 18:09:36
6072,17,2,Scheduled,5,2026-05-03 06:00:00,2026-05-03 09:50:24
6246,71,3,Scheduled,2,2026-06-23 07:00:00,2026-06-23 12:54:00
6048,135,6,Scheduled,9,2026-04-08 09:00:00,2026-04-08 15:27:36
2800,150,3,Completed,9,2026-05-21 09:00:00,2026-05-21 15:34:48
2706,147,1,Scheduled,1,2026-05-14 09:00:00,2026-05-14 12:41:24
1965,121,2,Scheduled,3,2026-06-23 07:00:00,2026-06-23 16:10:12
2409,61,7,Completed,7,2026-04-15 06:00:00,2026-04-15 12:00:00
761,36,5,Scheduled,5,2026-06-18 09:00:00,2026-06-18 13:16:48
3505,214,1,Completed,6,2026-04-21 10:00:00,2026-04-21 16:01:12
6932,143,8,Scheduled,10,2026-06-07 08:00:00,2026-06-07 11:15:36
291,37,6,Completed,1,2026-06-13 09:00:00,2026-06-13 17:56:24
4537,31,5,Confirmed,2,2026-04-17 09:00:00,2026-04-17 13:40:48
2794,100,7,Scheduled,4,2026-04-14 09:00:00,2026-04-14 13:28:12
592,244,1,Scheduled,7,2026-04-06 07:00:00,2026-04-06 14:51:00
2673,195,4,Confirmed,8,2026-05-07 09:00:00,2026-05-07 18:24:00
1916,280,4,Confirmed,5,2026-06-24 06:00:00,2026-06-24 13:01:48
2285,171,10,Confirmed,7,2026-04-10 08:00:00,2026-04-10 14:06:00
1065,83,5,Completed,2,2026-04-08 08:00:00,2026-04-08 14:56:24
6298,30,5,Completed,7,2026-04-26 10:00:00,2026-04-26 14:28:48
2334,299,6,Confirmed,5,2026-05-12 10:00:00,2026-05-12 14:46:12
5304,48,5,Scheduled,3,2026-05-11 10:00:00,2026-05-11 13:00:36
1101,17,5,Confirmed,6,2026-06-12 06:00:00,2026-06-12 12:06:36
5702,85,3,Scheduled,6,2026-04-28 08:00:00,2026-04-28 16:24:36
4341,148,4,Confirmed,5,2026-05-30 08:00:00,2026-05-30 12:22:12
1624,204,5,Scheduled,6,2026-06-05 08:00:00,2026-06-05 14:24:00
535,294,8,Completed,5,2026-04-07 06:00:00,2026-04-07 10:45:36
4458,97,8,Scheduled,6,2026-04-30 09:00:00,2026-04-30 16:13:12
2823,266,7,Confirmed,9,2026-05-10 06:00:00,2026-05-10 13:07:48
6674,222,1,Confirmed,6,2026-05-18 06:00:00,2026-05-18 11:39:36
2897,26,7,Scheduled,5,2026-06-04 10:00:00,2026-06-04 14:45:36
6713,281,3,Confirmed,2,2026-05-06 07:00:00,2026-05-06 10:47:24
5631,226,10,Confirmed,1,2026-04-28 06:00:00,2026-04-28 12:24:36
4629,26,1,Completed,6,2026-04-18 06:00:00,2026-04-18 12:52:48
1737,7,9,Completed,3,2026-05-20 09:00:00,2026-05-20 12:22:48
1564,5,2,Completed,1,2026-06-09 10:00:00,2026-06-09 16:39:00
282,293,4,Confirmed,10,2026-06-09 10:00:00,2026-06-09 18:33:00
293,194,3,Completed,9,2026-06-19 09:00:00,2026-06-19 12:34:12
3516,236,8,Confirmed,8,2026-04-16 09:00:00,2026-04-16 17:16:12
2805,188,4,Confirmed,6,2026-04-06 09:00:00,2026-04-06 14:30:36
4905,234,1,Completed,1,2026-05-19 07:00:00,2026-05-19 11:42:00
1746,279,4,Scheduled,10,2026-05-22 08:00:00,2026-05-22 15:32:24
2813,288,2,Confirmed,3,2026-04-27 08:00:00,2026-04-27 14:06:36
3396,251,9,Confirmed,5,2026-05-15 08:00:00,2026-05-15 13:17:24
26,290,7,Confirmed,5,2026-06-24 10:00:00,2026-06-24 14:57:36
3849,101,5,Scheduled,7,2026-05-21 07:00:00,2026-05-21 13:37:48
1317,151,6,Completed,8,2026-04-08 10:00:00,2026-04-08 16:27:00
3848,230,2,Scheduled,7,2026-04-12 10:00:00,2026-04-12 15:55:48
2488,36,2,Completed,6,2026-04-09 08:00:00,2026-04-09 17:25:48
1621,56,1,Confirmed,9,2026-04-26 10:00:00,2026-04-26 14:28:48
3840,73,1,Completed,4,2026-06-16 08:00:00,2026-06-16 12:07:48
3991,178,4,Completed,8,2026-04-02 08:00:00,2026-04-02 12:46:48
530,220,5,Completed,7,2026-06-28 06:00:00,2026-06-28 09:36:00
6478,54,4,Confirmed,6,2026-04-13 10:00:00,2026-04-13 13:21:00
2732,210,10,Confirmed,4,2026-06-10 09:00:00,2026-06-10 14:15:36
5308,95,2,Completed,5,2026-05-16 09:00:00,2026-05-16 15:33:00
6498,78,1,Confirmed,3,2026-05-30 08:00:00,2026-05-30 13:20:24
3310,216,10,Completed,2,2026-06-17 09:00:00,2026-06-17 14:20:24
4263,138,8,Completed,9,2026-05-02 07:00:00,2026-05-02 13:17:24
4219,179,4,Completed,9,2026-04-14 09:00:00,2026-04-14 17:45:36
2602,164,9,Scheduled,9,2026-06-04 09:00:00,2026-06-04 14:24:00
6040,2,5,Confirmed,5,2026-06-26 10:00:00,2026-06-26 14:18:00
1205,190,1,Confirmed,2,2026-05-25 09:00:00,2026-05-25 16:27:00
2494,210,7,Confirmed,6,2026-06-07 09:00:00,2026-06-07 12:12:36
7251,163,2,Scheduled,5,2026-06-28 09:00:00,2026-06-28 16:48:00
7252,83,8,Scheduled,10,2026-04-20 07:00:00,2026-04-20 10:15:36
7253,299,7,Scheduled,5,2026-05-07 10:00:00,2026-05-07 16:20:24
7254,87,8,Scheduled,2,2026-05-10 10:00:00,2026-05-10 14:04:48
7255,285,1,Scheduled,9,2026-06-26 09:00:00,2026-06-26 15:15:36
7256,289,7,Scheduled,1,2026-04-07 09:00:00,2026-04-07 12:45:36
7257,58,9,Scheduled,6,2026-05-01 06:00:00,2026-05-01 13:00:36
7258,25,8,Scheduled,4,2026-04-21 06:00:00,2026-04-21 10:16:12
7259,63,6,Scheduled,9,2026-05-26 06:00:00,2026-05-26 09:51:36
7260,229,8,Scheduled,5,2026-05-20 07:00:00,2026-05-20 10:34:12
7261,8,9,Scheduled,3,2026-05-16 06:00:00,2026-05-16 12:07:12
7262,256,7,Scheduled,3,2026-04-12 08:00:00,2026-04-12 13:45:00
7263,28,1,Scheduled,9,2026-06-21 08:00:00,2026-06-21 14:00:36
7264,123,9,Scheduled,4,2026-06-24 10:00:00,2026-06-24 13:49:48
7265,167,2,Scheduled,10,2026-06-03 10:00:00,2026-06-03 13:04:48
7266,149,6,Scheduled,4,2026-05-31 07:00:00,2026-05-31 11:45:36
7267,113,10,Scheduled,10,2026-05-08 10:00:00,2026-05-08 13:48:00
7268,37,3,Scheduled,8,2026-05-07 06:00:00,2026-05-07 14:57:36
7269,165,9,Scheduled,8,2026-04-29 08:00:00,2026-04-29 12:42:00
7270,28,2,Scheduled,7,2026-06-01 06:00:00,2026-06-01 12:22:12
7271,14,10,Scheduled,3,2026-05-09 06:00:00,2026-05-09 09:07:48
7272,221,2,Scheduled,2,2026-04-07 08:00:00,2026-04-07 13:01:48
7273,281,8,Scheduled,4,2026-06-02 07:00:00,2026-06-02 11:03:36
7274,272,4,Scheduled,2,2026-05-08 08:00:00,2026-05-08 15:39:00
7275,46,10,Scheduled,4,2026-04-25 08:00:00,2026-04-25 11:41:24
7276,187,2,Scheduled,1,2026-05-22 08:00:00,2026-05-22 11:22:48
7277,43,2,Scheduled,8,2026-06-21 10:00:00,2026-06-21 14:08:24
7278,127,4,Scheduled,6,2026-04-23 10:00:00,2026-04-23 16:50:24
7279,29,5,Scheduled,8,2026-04-05 10:00:00,2026-04-05 14:41:24
7280,106,10,Scheduled,10,2026-05-08 09:00:00,2026-05-08 17:36:36
7281,7,7,Scheduled,9,2026-04-20 10:00:00,2026-04-20 15:39:00
7282,128,9,Scheduled,3,2026-05-22 06:00:00,2026-05-22 12:38:24
7283,160,8,Scheduled,5,2026-05-07 07:00:00,2026-05-07 15:51:00
7284,297,7,Scheduled,1,2026-05-20 08:00:00,2026-05-20 12:31:48
7285,196,8,Scheduled,1,2026-04-27 07:00:00,2026-04-27 10:38:24
7286,156,5,Scheduled,2,2026-04-03 08:00:00,2026-04-03 13:45:00
7287,299,3,Scheduled,7,2026-06-02 09:00:00,2026-06-02 14:45:36
7288,71,1,Scheduled,1,2026-05-01 07:00:00,2026-05-01 11:11:24
7289,119,6,Scheduled,7,2026-04-15 09:00:00,2026-04-15 16:53:24
7290,176,10,Scheduled,7,2026-04-25 07:00:00,2026-04-25 13:17:24
7291,45,5,Scheduled,9,2026-06-20 06:00:00,2026-06-20 10:43:48
7292,236,7,Scheduled,9,2026-05-18 10:00:00,2026-05-18 17:53:24
7293,297,7,Scheduled,6,2026-04-01 08:00:00,2026-04-01 12:04:48
7294,141,7,Scheduled,3,2026-05-02 07:00:00,2026-05-02 11:01:48
7295,200,5,Scheduled,8,2026-05-04 09:00:00,2026-05-04 16:33:36
7296,275,5,Scheduled,10,2026-04-20 08:00:00,2026-04-20 14:09:36
7297,57,3,Scheduled,8,2026-06-25 06:00:00,2026-06-25 09:28:12
7298,106,4,Scheduled,5,2026-06-08 10:00:00,2026-06-08 16:21:36
7299,149,2,Scheduled,8,2026-06-11 09:00:00,2026-06-11 13:04:12
7300,169,3,Scheduled,1,2026-04-26 07:00:00,2026-04-26 13:44:24
7301,228,4,Scheduled,7,2026-04-12 08:00:00,2026-04-12 12:40:12
7302,154,5,Scheduled,1,2026-06-18 07:00:00,2026-06-18 16:33:36
7303,48,10,Scheduled,2,2026-05-12 06:00:00,2026-05-12 13:57:00
7304,165,3,Scheduled,3,2026-06-03 07:00:00,2026-06-03 13:06:36
7305,27,10,Scheduled,2,2026-05-25 09:00:00,2026-05-25 12:33:00
7306,50,8,Scheduled,10,2026-05-25 07:00:00,2026-05-25 12:04:12
7307,103,4,Scheduled,3,2026-05-29 10:00:00,2026-05-29 15:48:36
7308,18,8,Scheduled,7,2026-04-06 06:00:00,2026-04-06 11:08:24
7309,146,8,Scheduled,9,2026-06-26 08:00:00,2026-06-26 14:29:24
7310,149,8,Scheduled,1,2026-05-18 09:00:00,2026-05-18 14:34:12
7311,11,2,Scheduled,9,2026-04-30 10:00:00,2026-04-30 13:07:12
7312,68,9,Scheduled,3,2026-06-23 06:00:00,2026-06-23 09:43:48
7313,34,8,Scheduled,3,2026-06-04 10:00:00,2026-06-04 17:48:00
7314,286,1,Scheduled,8,2026-04-29 06:00:00,2026-04-29 13:22:12
7315,150,2,Scheduled,8,2026-06-29 09:00:00,2026-06-29 16:42:36
7316,110,4,Scheduled,9,2026-06-10 06:00:00,2026-06-10 15:04:48
7317,205,6,Scheduled,3,2026-06-06 10:00:00,2026-06-06 17:19:48
7318,12,6,Scheduled,9,2026-06-23 08:00:00,2026-06-23 12:25:12
7319,215,8,Scheduled,7,2026-04-23 09:00:00,2026-04-23 14:06:36
7320,236,7,Scheduled,3,2026-05-20 06:00:00,2026-05-20 10:42:36
7321,203,4,Scheduled,2,2026-04-06 10:00:00,2026-04-06 16:13:48
7322,155,8,Scheduled,7,2026-06-13 10:00:00,2026-06-13 17:26:24
7323,22,5,Scheduled,3,2026-04-22 09:00:00,2026-04-22 14:31:48
7324,186,10,Scheduled,7,2026-05-16 07:00:00,2026-05-16 10:14:24
7325,218,4,Scheduled,7,2026-05-12 10:00:00,2026-05-12 16:02:24
7326,32,4,Scheduled,9,2026-04-01 10:00:00,2026-04-01 13:01:48
7327,67,3,Scheduled,9,2026-04-14 06:00:00,2026-04-14 10:12:36
7328,192,2,Scheduled,3,2026-06-14 08:00:00,2026-06-14 14:02:24
7329,145,10,Scheduled,4,2026-06-01 06:00:00,2026-06-01 13:59:24
7330,192,2,Scheduled,7,2026-05-14 09:00:00,2026-05-14 14:43:48
7331,265,9,Scheduled,2,2026-05-23 07:00:00,2026-05-23 15:52:12
7332,39,10,Scheduled,6,2026-06-15 08:00:00,2026-06-15 15:45:00
7333,232,7,Scheduled,7,2026-06-23 08:00:00,2026-06-23 14:15:36
7334,141,7,Scheduled,10,2026-04-26 06:00:00,2026-04-26 15:11:24
7335,254,5,Scheduled,8,2026-06-25 06:00:00,2026-06-25 09:57:00
7336,112,1,Scheduled,10,2026-05-22 08:00:00,2026-05-22 12:39:00
7337,49,7,Scheduled,1,2026-04-17 10:00:00,2026-04-17 15:48:00
7338,42,6,Scheduled,9,2026-05-06 10:00:00,2026-05-06 16:54:36
7339,236,8,Scheduled,5,2026-04-01 06:00:00,2026-04-01 11:49:12
7340,298,6,Scheduled,9,2026-05-24 08:00:00,2026-05-24 13:18:00
7341,241,9,Scheduled,10,2026-04-02 08:00:00,2026-04-02 13:21:00
7342,296,6,Scheduled,10,2026-04-30 09:00:00,2026-04-30 15:54:36
7343,136,7,Scheduled,7,2026-05-03 06:00:00,2026-05-03 12:19:48
7344,275,8,Scheduled,2,2026-05-15 07:00:00,2026-05-15 10:52:48
7345,161,1,Scheduled,3,2026-05-25 09:00:00,2026-05-25 14:10:48
7346,76,3,Scheduled,8,2026-06-17 10:00:00,2026-06-17 17:15:00
7347,32,4,Scheduled,9,2026-05-13 07:00:00,2026-05-13 12:32:24
7348,218,2,Scheduled,5,2026-05-20 06:00:00,2026-05-20 09:34:12
7349,184,2,Scheduled,8,2026-05-23 06:00:00,2026-05-23 11:58:48
7350,10,4,Scheduled,8,2026-05-18 07:00:00,2026-05-18 12:00:36
7351,273,6,Scheduled,9,2026-04-20 10:00:00,2026-04-20 14:34:48
7352,39,3,Scheduled,9,2026-05-15 07:00:00,2026-05-15 15:02:24
7353,57,6,Scheduled,1,2026-06-26 06:00:00,2026-06-26 13:21:00
7354,183,4,Scheduled,3,2026-04-27 07:00:00,2026-04-27 13:33:00
7355,157,10,Scheduled,7,2026-05-21 07:00:00,2026-05-21 12:03:36
7356,224,2,Scheduled,3,2026-05-19 08:00:00,2026-05-19 11:13:12
7357,115,9,Scheduled,9,2026-06-29 08:00:00,2026-06-29 13:24:36
7358,277,9,Scheduled,1,2026-05-16 08:00:00,2026-05-16 12:10:48
7359,74,1,Scheduled,1,2026-06-06 08:00:00,2026-06-06 13:12:36
7360,87,6,Scheduled,5,2026-04-15 09:00:00,2026-04-15 14:55:12
7361,246,4,Scheduled,1,2026-06-17 06:00:00,2026-06-17 12:03:36
7362,24,2,Scheduled,3,2026-06-23 07:00:00,2026-06-23 12:32:24
7363,186,9,Scheduled,8,2026-05-26 06:00:00,2026-05-26 11:36:36
7364,247,5,Scheduled,10,2026-06-18 10:00:00,2026-06-18 14:49:12
7365,276,4,Scheduled,9,2026-05-22 06:00:00,2026-05-22 15:31:12
7366,283,9,Scheduled,6,2026-06-28 07:00:00,2026-06-28 11:31:48
7367,299,6,Scheduled,1,2026-05-06 08:00:00,2026-05-06 17:24:00
7368,14,4,Scheduled,9,2026-05-04 08:00:00,2026-05-04 15:10:12
7369,215,5,Scheduled,9,2026-05-08 06:00:00,2026-05-08 11:25:48
7370,173,3,Scheduled,6,2026-05-03 10:00:00,2026-05-03 19:23:24
7371,104,3,Scheduled,9,2026-04-22 07:00:00,2026-04-22 15:18:00
7372,197,9,Scheduled,5,2026-04-23 10:00:00,2026-04-23 13:16:12
7373,54,7,Scheduled,7,2026-06-03 06:00:00,2026-06-03 10:58:48
7374,47,10,Scheduled,9,2026-06-23 06:00:00,2026-06-23 11:54:00
7375,228,8,Scheduled,7,2026-04-15 09:00:00,2026-04-15 15:00:36
7376,68,10,Scheduled,2,2026-05-28 09:00:00,2026-05-28 16:52:12
7377,70,10,Scheduled,9,2026-06-23 07:00:00,2026-06-23 11:18:00
7378,140,3,Scheduled,6,2026-04-06 07:00:00,2026-04-06 10:32:24
7379,200,8,Scheduled,4,2026-04-10 06:00:00,2026-04-10 10:19:48
7380,112,8,Scheduled,2,2026-04-07 07:00:00,2026-04-07 11:28:48
7381,283,9,Scheduled,2,2026-05-21 09:00:00,2026-05-21 13:39:00
7382,112,2,Scheduled,8,2026-04-22 06:00:00,2026-04-22 12:07:48
7383,258,8,Scheduled,8,2026-06-07 09:00:00,2026-06-07 14:49:48
7384,67,1,Scheduled,8,2026-04-01 07:00:00,2026-04-01 13:40:48
7385,173,8,Scheduled,9,2026-05-07 06:00:00,2026-05-07 10:09:00
7386,104,7,Scheduled,2,2026-05-14 06:00:00,2026-05-14 13:37:48
7387,156,3,Scheduled,7,2026-06-03 08:00:00,2026-06-03 13:42:36
7388,119,8,Scheduled,2,2026-04-02 09:00:00,2026-04-02 13:47:24
7389,130,7,Scheduled,4,2026-04-30 09:00:00,2026-04-30 14:48:00
7390,266,5,Scheduled,4,2026-04-16 06:00:00,2026-04-16 15:13:12
7391,68,8,Scheduled,5,2026-05-03 09:00:00,2026-05-03 14:03:00
7392,41,8,Scheduled,3,2026-04-30 07:00:00,2026-04-30 16:00:36
7393,255,2,Scheduled,4,2026-06-20 08:00:00,2026-06-20 15:08:24
7394,156,2,Scheduled,5,2026-05-23 09:00:00,2026-05-23 14:49:12
7395,201,5,Scheduled,4,2026-04-11 06:00:00,2026-04-11 09:52:12
7396,283,5,Scheduled,2,2026-05-19 10:00:00,2026-05-19 18:02:24
7397,8,3,Scheduled,4,2026-04-28 06:00:00,2026-04-28 15:05:24
7398,96,3,Scheduled,3,2026-05-15 09:00:00,2026-05-15 12:40:48
7399,77,3,Scheduled,3,2026-04-09 07:00:00,2026-04-09 11:42:00
7400,15,7,Scheduled,1,2026-06-21 08:00:00,2026-06-21 14:10:12
7401,18,3,Scheduled,7,2026-06-07 06:00:00,2026-06-07 14:37:48
7402,195,3,Scheduled,6,2026-04-10 07:00:00,2026-04-10 15:07:48
7403,285,4,Scheduled,6,2026-05-02 06:00:00,2026-05-02 12:33:00
7404,49,2,Scheduled,10,2026-05-14 10:00:00,2026-05-14 14:30:36
7405,94,10,Scheduled,9,2026-06-05 10:00:00,2026-06-05 16:40:48
7406,285,10,Scheduled,8,2026-06-24 09:00:00,2026-06-24 15:30:00
7407,111,2,Scheduled,4,2026-06-13 06:00:00,2026-06-13 14:04:12
7408,51,4,Scheduled,7,2026-06-20 06:00:00,2026-06-20 13:04:48
7409,126,1,Scheduled,6,2026-06-09 09:00:00,2026-06-09 18:27:00
7410,248,7,Scheduled,8,2026-04-12 07:00:00,2026-04-12 16:24:36
7411,227,7,Scheduled,9,2026-04-29 07:00:00,2026-04-29 13:31:48
7412,161,8,Scheduled,2,2026-06-02 08:00:00,2026-06-02 14:48:36
7413,64,10,Scheduled,7,2026-04-15 09:00:00,2026-04-15 15:20:24
7414,174,4,Scheduled,10,2026-06-09 06:00:00,2026-06-09 11:50:24
7415,137,3,Scheduled,10,2026-06-09 08:00:00,2026-06-09 11:48:00
7416,80,7,Scheduled,4,2026-05-26 07:00:00,2026-05-26 14:48:00
7417,19,5,Scheduled,8,2026-06-10 09:00:00,2026-06-10 18:04:12
7418,255,5,Scheduled,3,2026-05-12 10:00:00,2026-05-12 14:00:36
7419,101,1,Scheduled,8,2026-05-30 06:00:00,2026-05-30 13:09:00
7420,232,5,Scheduled,8,2026-04-09 08:00:00,2026-04-09 13:35:24
7421,264,1,Scheduled,8,2026-05-19 08:00:00,2026-05-19 11:23:24
7422,137,3,Scheduled,10,2026-05-20 07:00:00,2026-05-20 12:50:24
7423,133,8,Scheduled,8,2026-06-22 06:00:00,2026-06-22 13:43:48
7424,147,4,Scheduled,5,2026-06-02 08:00:00,2026-06-02 16:54:00
7425,54,7,Scheduled,9,2026-06-01 09:00:00,2026-06-01 14:37:12
7426,232,10,Scheduled,6,2026-04-17 07:00:00,2026-04-17 13:55:12
7427,208,9,Scheduled,6,2026-05-15 06:00:00,2026-05-15 11:09:36
7428,70,6,Scheduled,6,2026-05-10 09:00:00,2026-05-10 15:49:12
7429,32,9,Scheduled,1,2026-05-01 08:00:00,2026-05-01 14:30:36
7430,259,1,Scheduled,9,2026-05-08 07:00:00,2026-05-08 12:25:12
7431,114,4,Scheduled,3,2026-05-06 08:00:00,2026-05-06 13:39:00
7432,79,9,Scheduled,5,2026-05-11 06:00:00,2026-05-11 15:21:00
7433,6,7,Scheduled,3,2026-05-11 10:00:00,2026-05-11 16:22:12
7434,176,1,Scheduled,9,2026-04-10 10:00:00,2026-04-10 13:34:12
7435,160,3,Scheduled,1,2026-05-21 08:00:00,2026-05-21 12:29:24
7436,226,6,Scheduled,2,2026-04-27 07:00:00,2026-04-27 12:18:00
7437,235,1,Scheduled,2,2026-06-08 08:00:00,2026-06-08 11:10:12
7438,285,3,Scheduled,5,2026-06-14 09:00:00,2026-06-14 12:38:24
7439,75,4,Scheduled,4,2026-05-07 09:00:00,2026-05-07 15:22:12
7440,163,4,Scheduled,5,2026-06-23 09:00:00,2026-06-23 14:09:00
7441,259,9,Scheduled,2,2026-04-05 09:00:00,2026-04-05 16:49:12
7442,153,6,Scheduled,4,2026-06-23 08:00:00,2026-06-23 15:09:00
7443,71,10,Scheduled,3,2026-06-25 09:00:00,2026-06-25 13:26:24
7444,41,3,Scheduled,8,2026-04-01 10:00:00,2026-04-01 16:03:36
7445,167,6,Scheduled,4,2026-05-19 10:00:00,2026-05-19 16:26:24
7446,267,6,Scheduled,4,2026-06-10 06:00:00,2026-06-10 12:34:12
7447,189,6,Scheduled,6,2026-06-13 08:00:00,2026-06-13 12:45:36
7448,170,7,Scheduled,2,2026-06-19 07:00:00,2026-06-19 12:24:00
7449,135,1,Scheduled,10,2026-04-01 06:00:00,2026-04-01 11:38:24
7450,157,3,Scheduled,10,2026-04-18 06:00:00,2026-04-18 12:03:00
7451,265,7,Scheduled,10,2026-04-20 10:00:00,2026-04-20 15:21:00
7452,67,5,Scheduled,1,2026-06-22 10:00:00,2026-06-22 17:00:36
7453,130,3,Scheduled,4,2026-06-21 07:00:00,2026-06-21 12:58:48
7454,180,4,Scheduled,1,2026-05-15 10:00:00,2026-05-15 16:07:48
7455,148,2,Scheduled,6,2026-06-16 06:00:00,2026-06-16 10:00:36
7456,104,2,Scheduled,6,2026-05-24 07:00:00,2026-05-24 14:00:36
7457,90,10,Scheduled,9,2026-04-02 07:00:00,2026-04-02 10:32:24
7458,282,10,Scheduled,4,2026-05-09 06:00:00,2026-05-09 15:12:00
7459,7,1,Scheduled,8,2026-05-20 07:00:00,2026-05-20 14:36:36
7460,89,9,Scheduled,8,2026-04-30 07:00:00,2026-04-30 13:50:24
7461,274,5,Scheduled,10,2026-06-08 08:00:00,2026-06-08 14:13:12
7462,180,6,Scheduled,8,2026-05-05 06:00:00,2026-05-05 14:46:12
7463,252,2,Scheduled,9,2026-05-07 06:00:00,2026-05-07 11:04:48
7464,20,1,Scheduled,2,2026-05-15 08:00:00,2026-05-15 14:06:00
7465,162,4,Scheduled,7,2026-06-26 08:00:00,2026-06-26 16:51:36
7466,21,7,Scheduled,10,2026-05-04 09:00:00,2026-05-04 13:42:36
7467,215,1,Scheduled,7,2026-04-06 08:00:00,2026-04-06 12:38:24
7468,135,8,Scheduled,5,2026-06-22 06:00:00,2026-06-22 13:12:00
7469,199,6,Scheduled,8,2026-04-14 07:00:00,2026-04-14 11:17:24
7470,156,4,Scheduled,8,2026-06-14 08:00:00,2026-06-14 12:48:00
