shrinkage_id,people_id,shrinkage_type_id,start_datetime,end_datetime
842,259,1,2026-06-02 06:15:00,2026-06-02 07:15:00
5831,78,4,2026-05-03 06:15:00,2026-05-03 07:15:00
955,289,2,2026-06-10 07:15:00,2026-06-10 08:35:00
6632,153,3,2026-04-07 07:15:00,2026-04-07 08:28:00
1752,198,5,2026-06-27 06:15:00,2026-06-27 07:24:00
6768,256,2,2026-04-21 07:15:00,2026-04-21 08:19:00
945,55,1,2026-05-27 09:15:00,2026-05-27 09:40:00
768,134,5,2026-04-09 08:15:00,2026-04-09 09:37:00
2416,89,3,2026-04-19 09:15:00,2026-04-19 10:15:00
5665,75,5,2026-05-07 10:15:00,2026-05-07 10:45:00
1497,155,3,2026-04-11 07:15:00,2026-04-11 07:49:00
6490,238,5,2026-06-22 10:15:00,2026-06-22 10:50:00
166,124,3,2026-05-06 09:15:00,2026-05-06 10:07:00
4398,298,5,2026-05-11 09:15:00,2026-05-11 09:50:00
2053,120,1,2026-04-09 07:15:00,2026-04-09 08:24:00
582,156,1,2026-04-06 09:15:00,2026-04-06 10:04:00
3992,219,4,2026-04-29 10:15:00,2026-04-29 11:13:00
6898,101,5,2026-06-23 06:15:00,2026-06-23 07:29:00
2677,50,3,2026-05-22 07:15:00,2026-05-22 08:13:00
3589,279,4,2026-04-12 10:15:00,2026-04-12 11:07:00
1022,266,5,2026-04-30 06:15:00,2026-04-30 07:16:00
406,190,1,2026-05-27 07:15:00,2026-05-27 08:13:00
5237,28,1,2026-04-13 10:15:00,2026-04-13 10:55:00
4973,31,3,2026-05-03 08:15:00,2026-05-03 08:46:00
2749,25,4,2026-06-06 07:15:00,2026-06-06 07:39:00
1117,284,3,2026-06-06 07:15:00,2026-06-06 08:04:00
2758,238,5,2026-04-27 07:15:00,2026-04-27 07:49:00
380,219,3,2026-04-04 07:15:00,2026-04-04 08:15:00
112,139,1,2026-05-13 10:15:00,2026-05-13 10:48:00
5480,131,2,2026-06-18 09:15:00,2026-06-18 09:38:00
2207,272,3,2026-06-27 09:15:00,2026-06-27 09:31:00
1505,260,4,2026-04-07 06:15:00,2026-04-07 07:03:00
887,246,5,2026-06-27 10:15:00,2026-06-27 11:39:00
3855,154,5,2026-06-13 10:15:00,2026-06-13 11:00:00
3446,233,1,2026-04-21 09:15:00,2026-04-21 09:39:00
3207,64,5,2026-06-05 07:15:00,2026-06-05 07:50:00
5550,190,5,2026-04-21 07:15:00,2026-04-21 07:45:00
6378,237,1,2026-05-21 08:15:00,2026-05-21 08:44:00
3165,98,2,2026-06-07 06:15:00,2026-06-07 07:16:00
6661,202,3,2026-06-08 07:15:00,2026-06-08 07:37:00
6066,171,5,2026-04-03 06:15:00,2026-04-03 07:01:00
1458,256,5,2026-05-09 07:15:00,2026-05-09 07:52:00
3680,187,4,2026-04-25 06:15:00,2026-04-25 07:12:00
6838,295,2,2026-04-23 06:15:00,2026-04-23 07:23:00
4824,50,2,2026-05-22 07:15:00,2026-05-22 07:51:00
4410,241,1,2026-05-26 07:15:00,2026-05-26 07:57:00
3433,47,5,2026-04-23 08:15:00,2026-04-23 09:04:00
5452,204,2,2026-05-27 06:15:00,2026-05-27 07:06:00
1489,103,5,2026-04-14 09:15:00,2026-04-14 10:27:00
4783,251,1,2026-04-02 06:15:00,2026-04-02 06:48:00
6118,241,4,2026-05-07 06:15:00,2026-05-07 06:49:00
4195,71,2,2026-04-02 07:15:00,2026-04-02 08:28:00
561,277,3,2026-06-15 08:15:00,2026-06-15 08:41:00
1839,56,3,2026-04-17 10:15:00,2026-04-17 11:09:00
6718,278,1,2026-05-30 06:15:00,2026-05-30 07:37:00
1358,290,4,2026-05-23 07:15:00,2026-05-23 07:44:00
4008,276,4,2026-04-12 10:15:00,2026-04-12 11:25:00
3327,108,2,2026-05-22 10:15:00,2026-05-22 11:23:00
1886,292,4,2026-06-09 09:15:00,2026-06-09 10:03:00
6267,28,2,2026-04-03 09:15:00,2026-04-03 10:21:00
5044,50,5,2026-06-15 10:15:00,2026-06-15 11:41:00
6702,94,2,2026-06-08 09:15:00,2026-06-08 10:24:00
1215,271,1,2026-06-04 10:15:00,2026-06-04 11:42:00
442,241,4,2026-05-07 10:15:00,2026-05-07 10:54:00
3791,71,4,2026-05-30 08:15:00,2026-05-30 08:42:00
526,9,5,2026-04-03 06:15:00,2026-04-03 07:37:00
42,23,2,2026-06-11 07:15:00,2026-06-11 07:36:00
4695,124,2,2026-05-15 10:15:00,2026-05-15 10:59:00
4412,168,5,2026-04-14 10:15:00,2026-04-14 11:33:00
4407,229,1,2026-05-19 10:15:00,2026-05-19 10:52:00
1889,266,3,2026-05-15 06:15:00,2026-05-15 06:37:00
3961,83,5,2026-06-04 06:15:00,2026-06-04 07:33:00
1706,99,5,2026-04-16 08:15:00,2026-04-16 09:09:00
4132,41,4,2026-06-11 07:15:00,2026-06-11 08:25:00
6742,287,5,2026-05-02 07:15:00,2026-05-02 07:58:00
3388,203,3,2026-05-23 07:15:00,2026-05-23 08:04:00
6881,109,1,2026-06-08 09:15:00,2026-06-08 09:50:00
6745,55,3,2026-06-29 07:15:00,2026-06-29 07:40:00
3531,214,5,2026-06-14 06:15:00,2026-06-14 06:54:00
3949,82,1,2026-05-30 08:15:00,2026-05-30 09:41:00
2034,23,4,2026-05-07 08:15:00,2026-05-07 08:31:00
1512,65,3,2026-06-26 07:15:00,2026-06-26 08:22:00
5578,169,1,2026-06-10 10:15:00,2026-06-10 10:54:00
4560,33,1,2026-06-29 06:15:00,2026-06-29 06:48:00
6205,202,5,2026-04-23 10:15:00,2026-04-23 10:33:00
2407,78,5,2026-05-09 10:15:00,2026-05-09 10:56:00
3324,250,2,2026-04-24 06:15:00,2026-04-24 07:43:00
2357,63,3,2026-06-16 06:15:00,2026-06-16 07:13:00
3868,161,2,2026-04-04 10:15:00,2026-04-04 11:43:00
5428,73,5,2026-06-29 06:15:00,2026-06-29 07:08:00
38,85,4,2026-06-11 07:15:00,2026-06-11 07:52:00
4040,47,2,2026-05-11 08:15:00,2026-05-11 08:33:00
228,72,4,2026-06-14 07:15:00,2026-06-14 08:01:00
3270,295,3,2026-05-18 07:15:00,2026-05-18 07:36:00
6947,115,4,2026-04-26 08:15:00,2026-04-26 09:07:00
5553,110,4,2026-04-27 07:15:00,2026-04-27 07:47:00
2302,107,1,2026-04-26 10:15:00,2026-04-26 10:58:00
5099,261,2,2026-04-30 10:15:00,2026-04-30 11:37:00
6857,30,3,2026-04-13 07:15:00,2026-04-13 07:57:00
2297,184,4,2026-06-09 07:15:00,2026-06-09 08:04:00
2353,13,3,2026-06-27 10:15:00,2026-06-27 11:31:00
204,53,3,2026-06-18 07:15:00,2026-06-18 08:05:00
6309,142,4,2026-04-23 08:15:00,2026-04-23 08:54:00
1052,38,2,2026-04-26 06:15:00,2026-04-26 07:04:00
4257,242,2,2026-05-07 08:15:00,2026-05-07 09:13:00
4557,271,4,2026-06-01 09:15:00,2026-06-01 09:58:00
6063,214,4,2026-06-07 08:15:00,2026-06-07 08:51:00
672,208,5,2026-06-01 06:15:00,2026-06-01 06:53:00
4387,134,3,2026-04-15 08:15:00,2026-04-15 09:20:00
429,208,4,2026-04-03 07:15:00,2026-04-03 07:50:00
5737,198,1,2026-04-27 08:15:00,2026-04-27 08:43:00
6853,253,4,2026-06-10 07:15:00,2026-06-10 08:10:00
3098,49,4,2026-05-21 09:15:00,2026-05-21 10:28:00
5455,257,3,2026-06-19 10:15:00,2026-06-19 10:57:00
21,139,1,2026-06-23 08:15:00,2026-06-23 09:25:00
6866,5,2,2026-05-08 07:15:00,2026-05-08 07:54:00
3348,199,1,2026-04-08 06:15:00,2026-04-08 06:30:00
2224,66,3,2026-06-25 07:15:00,2026-06-25 07:33:00
6771,164,2,2026-05-09 06:15:00,2026-05-09 06:33:00
1059,275,3,2026-05-13 09:15:00,2026-05-13 10:24:00
4880,165,1,2026-04-28 06:15:00,2026-04-28 06:34:00
3237,241,1,2026-06-09 09:15:00,2026-06-09 09:51:00
1977,41,3,2026-04-22 10:15:00,2026-04-22 10:49:00
5424,87,4,2026-05-24 06:15:00,2026-05-24 06:39:00
2660,262,2,2026-05-14 08:15:00,2026-05-14 08:43:00
1833,184,3,2026-04-26 07:15:00,2026-04-26 07:41:00
5906,270,1,2026-06-02 06:15:00,2026-06-02 06:47:00
4976,172,3,2026-05-28 09:15:00,2026-05-28 09:48:00
386,227,4,2026-05-16 09:15:00,2026-05-16 09:56:00
159,76,3,2026-06-16 08:15:00,2026-06-16 09:37:00
353,252,2,2026-06-01 07:15:00,2026-06-01 07:42:00
3892,94,1,2026-04-16 09:15:00,2026-04-16 10:00:00
2105,13,3,2026-06-21 06:15:00,2026-06-21 07:34:00
5505,242,1,2026-05-11 06:15:00,2026-05-11 06:48:00
3243,223,1,2026-06-27 07:15:00,2026-06-27 07:36:00
760,195,1,2026-06-29 06:15:00,2026-06-29 07:17:00
1040,258,5,2026-04-05 07:15:00,2026-04-05 07:58:00
3908,156,2,2026-06-21 06:15:00,2026-06-21 07:28:00
2140,297,1,2026-05-04 08:15:00,2026-05-04 08:36:00
5524,167,2,2026-06-01 07:15:00,2026-06-01 07:45:00
6395,250,3,2026-05-24 10:15:00,2026-05-24 11:10:00
6454,290,4,2026-06-14 09:15:00,2026-06-14 10:39:00
6878,192,2,2026-05-21 09:15:00,2026-05-21 10:13:00
4939,272,4,2026-05-07 10:15:00,2026-05-07 10:42:00
5522,85,3,2026-06-10 10:15:00,2026-06-10 11:34:00
5155,163,5,2026-04-03 09:15:00,2026-04-03 09:44:00
2021,262,3,2026-04-22 06:15:00,2026-04-22 07:07:00
3225,223,3,2026-04-29 07:15:00,2026-04-29 07:30:00
1398,253,1,2026-05-06 08:15:00,2026-05-06 09:29:00
2335,217,1,2026-04-30 07:15:00,2026-04-30 07:46:00
5994,104,2,2026-04-17 07:15:00,2026-04-17 08:44:00
4449,267,2,2026-06-14 10:15:00,2026-06-14 10:37:00
2418,248,3,2026-06-01 08:15:00,2026-06-01 09:28:00
511,136,1,2026-04-17 07:15:00,2026-04-17 08:30:00
5832,7,2,2026-06-09 10:15:00,2026-06-09 10:39:00
600,245,1,2026-05-10 08:15:00,2026-05-10 08:39:00
3802,253,5,2026-05-11 09:15:00,2026-05-11 10:21:00
3960,237,3,2026-05-11 06:15:00,2026-05-11 06:54:00
4608,31,3,2026-05-30 10:15:00,2026-05-30 11:04:00
6531,22,1,2026-04-25 07:15:00,2026-04-25 08:22:00
780,249,2,2026-04-19 10:15:00,2026-04-19 11:34:00
4871,204,5,2026-06-10 07:15:00,2026-06-10 07:34:00
2009,156,4,2026-06-19 07:15:00,2026-06-19 08:22:00
2475,291,2,2026-05-09 09:15:00,2026-05-09 09:31:00
3970,66,2,2026-05-03 08:15:00,2026-05-03 08:44:00
1379,82,2,2026-06-28 07:15:00,2026-06-28 08:32:00
1171,118,1,2026-06-14 10:15:00,2026-06-14 11:34:00
5151,148,4,2026-06-25 07:15:00,2026-06-25 08:39:00
5713,201,1,2026-05-05 08:15:00,2026-05-05 08:43:00
2989,209,4,2026-06-13 10:15:00,2026-06-13 11:27:00
4447,61,4,2026-06-24 09:15:00,2026-06-24 10:15:00
1614,88,1,2026-05-29 10:15:00,2026-05-29 11:36:00
5751,36,5,2026-05-14 07:15:00,2026-05-14 08:42:00
4174,200,1,2026-05-24 10:15:00,2026-05-24 11:43:00
5010,41,1,2026-05-16 07:15:00,2026-05-16 07:51:00
3986,198,4,2026-06-14 09:15:00,2026-06-14 10:17:00
2516,150,4,2026-04-03 07:15:00,2026-04-03 08:28:00
5960,51,3,2026-04-07 06:15:00,2026-04-07 07:36:00
6576,131,3,2026-05-12 09:15:00,2026-05-12 10:05:00
4178,270,2,2026-04-25 09:15:00,2026-04-25 10:15:00
3415,216,1,2026-04-21 06:15:00,2026-04-21 07:21:00
6970,155,1,2026-04-24 09:15:00,2026-04-24 10:02:00
3779,71,4,2026-05-10 06:15:00,2026-05-10 07:19:00
673,241,3,2026-04-05 06:15:00,2026-04-05 07:25:00
6660,24,1,2026-04-22 06:15:00,2026-04-22 06:30:00
1995,257,4,2026-06-18 06:15:00,2026-06-18 07:19:00
6821,121,4,2026-04-19 06:15:00,2026-04-19 07:31:00
3843,273,1,2026-05-10 06:15:00,2026-05-10 07:16:00
130,81,1,2026-06-29 07:15:00,2026-06-29 08:36:00
2266,6,5,2026-04-30 09:15:00,2026-04-30 10:25:00
2746,164,5,2026-05-12 06:15:00,2026-05-12 06:31:00
2417,201,2,2026-04-16 07:15:00,2026-04-16 08:37:00
3649,189,1,2026-04-12 06:15:00,2026-04-12 06:43:00
2011,110,3,2026-04-25 10:15:00,2026-04-25 11:42:00
3042,264,5,2026-06-03 09:15:00,2026-06-03 10:31:00
946,163,1,2026-05-13 07:15:00,2026-05-13 08:41:00
5254,183,3,2026-06-12 10:15:00,2026-06-12 11:19:00
520,253,3,2026-06-27 08:15:00,2026-06-27 08:46:00
5287,92,4,2026-04-08 10:15:00,2026-04-08 10:54:00
6382,261,4,2026-06-22 10:15:00,2026-06-22 11:20:00
6193,240,4,2026-04-16 08:15:00,2026-04-16 09:00:00
3747,192,1,2026-05-12 08:15:00,2026-05-12 08:53:00
1373,8,2,2026-04-20 08:15:00,2026-04-20 09:25:00
6956,104,1,2026-06-22 10:15:00,2026-06-22 10:49:00
6185,6,5,2026-06-05 10:15:00,2026-06-05 11:09:00
4023,163,3,2026-04-15 07:15:00,2026-04-15 08:22:00
2645,237,1,2026-06-13 10:15:00,2026-06-13 10:57:00
2557,192,5,2026-05-20 09:15:00,2026-05-20 10:42:00
363,215,4,2026-05-29 08:15:00,2026-05-29 08:45:00
2159,180,3,2026-06-06 07:15:00,2026-06-06 08:01:00
3499,139,3,2026-05-08 08:15:00,2026-05-08 08:58:00
5119,250,3,2026-06-23 08:15:00,2026-06-23 08:58:00
2228,282,2,2026-04-05 10:15:00,2026-04-05 11:02:00
6386,84,2,2026-06-09 10:15:00,2026-06-09 11:05:00
501,188,3,2026-04-04 06:15:00,2026-04-04 07:10:00
4528,269,4,2026-05-10 06:15:00,2026-05-10 06:43:00
3021,245,4,2026-04-19 10:15:00,2026-04-19 11:31:00
4358,218,4,2026-04-04 06:15:00,2026-04-04 06:42:00
4149,33,5,2026-04-10 10:15:00,2026-04-10 11:29:00
5562,36,1,2026-06-21 10:15:00,2026-06-21 11:44:00
683,296,2,2026-05-20 06:15:00,2026-05-20 07:27:00
1625,182,5,2026-06-24 07:15:00,2026-06-24 08:28:00
6485,158,1,2026-04-01 09:15:00,2026-04-01 10:28:00
5805,103,3,2026-06-22 09:15:00,2026-06-22 09:51:00
4753,261,3,2026-05-19 07:15:00,2026-05-19 07:39:00
3482,119,3,2026-04-14 09:15:00,2026-04-14 09:42:00
3642,136,3,2026-06-23 08:15:00,2026-06-23 09:16:00
3152,257,2,2026-06-27 10:15:00,2026-06-27 10:58:00
3544,95,3,2026-04-06 06:15:00,2026-04-06 07:01:00
2244,39,2,2026-04-16 07:15:00,2026-04-16 08:30:00
4294,35,2,2026-06-09 10:15:00,2026-06-09 11:43:00
3080,83,3,2026-05-08 09:15:00,2026-05-08 09:38:00
2378,74,2,2026-05-02 07:15:00,2026-05-02 07:42:00
5074,34,5,2026-05-30 08:15:00,2026-05-30 09:06:00
1803,283,5,2026-05-21 09:15:00,2026-05-21 09:50:00
1708,194,2,2026-04-01 09:15:00,2026-04-01 09:45:00
3752,121,4,2026-06-09 06:15:00,2026-06-09 07:15:00
6022,152,5,2026-05-07 09:15:00,2026-05-07 10:07:00
1342,36,5,2026-06-06 09:15:00,2026-06-06 09:43:00
2960,131,3,2026-04-01 06:15:00,2026-04-01 06:55:00
3235,210,3,2026-04-07 07:15:00,2026-04-07 07:50:00
657,130,3,2026-06-28 09:15:00,2026-06-28 10:42:00
14,152,1,2026-05-06 08:15:00,2026-05-06 08:31:00
4134,110,4,2026-05-12 08:15:00,2026-05-12 08:47:00
1135,9,2,2026-06-26 07:15:00,2026-06-26 08:14:00
3927,55,2,2026-05-13 06:15:00,2026-05-13 06:38:00
3087,36,3,2026-06-01 09:15:00,2026-06-01 09:50:00
4399,268,4,2026-06-04 08:15:00,2026-06-04 08:34:00
538,12,1,2026-04-30 10:15:00,2026-04-30 10:47:00
2099,270,2,2026-06-16 06:15:00,2026-06-16 06:35:00
5949,262,1,2026-04-07 07:15:00,2026-04-07 08:13:00
6840,80,5,2026-05-04 09:15:00,2026-05-04 09:52:00
4494,70,5,2026-04-18 06:15:00,2026-04-18 07:16:00
4802,252,5,2026-06-03 09:15:00,2026-06-03 10:36:00
742,168,5,2026-04-24 09:15:00,2026-04-24 10:44:00
2330,78,1,2026-04-26 10:15:00,2026-04-26 11:12:00
6225,278,1,2026-05-13 09:15:00,2026-05-13 09:48:00
5967,128,4,2026-06-24 09:15:00,2026-06-24 10:30:00
577,273,3,2026-05-19 08:15:00,2026-05-19 09:12:00
3162,4,2,2026-04-30 10:15:00,2026-04-30 11:10:00
609,274,5,2026-05-10 08:15:00,2026-05-10 09:15:00
2631,5,4,2026-04-14 07:15:00,2026-04-14 08:09:00
5603,61,5,2026-04-17 09:15:00,2026-04-17 09:31:00
5477,262,5,2026-06-20 09:15:00,2026-06-20 10:06:00
4118,175,4,2026-04-12 07:15:00,2026-04-12 08:15:00
4786,126,4,2026-04-02 08:15:00,2026-04-02 09:15:00
6278,175,1,2026-04-27 10:15:00,2026-04-27 10:57:00
4230,181,4,2026-05-03 07:15:00,2026-05-03 08:01:00
4395,155,4,2026-06-23 08:15:00,2026-06-23 08:51:00
4075,97,5,2026-04-24 06:15:00,2026-04-24 06:56:00
2638,213,2,2026-04-05 08:15:00,2026-04-05 09:27:00
2800,150,3,2026-05-21 09:15:00,2026-05-21 09:35:00
6273,217,1,2026-06-19 08:15:00,2026-06-19 09:27:00
6603,245,2,2026-06-29 08:15:00,2026-06-29 09:13:00
1868,44,5,2026-05-15 08:15:00,2026-05-15 09:32:00
1170,112,3,2026-06-15 07:15:00,2026-06-15 07:54:00
6346,31,1,2026-05-23 07:15:00,2026-05-23 08:10:00
2854,47,3,2026-06-21 08:15:00,2026-06-21 09:42:00
6538,211,5,2026-05-25 07:15:00,2026-05-25 07:46:00
4428,233,4,2026-05-05 07:15:00,2026-05-05 08:33:00
5442,24,4,2026-05-13 06:15:00,2026-05-13 07:17:00
4518,42,3,2026-05-16 09:15:00,2026-05-16 09:37:00
1515,55,3,2026-04-06 09:15:00,2026-04-06 10:42:00
5466,127,3,2026-05-04 08:15:00,2026-05-04 09:22:00
6822,50,2,2026-05-10 08:15:00,2026-05-10 09:39:00
3263,288,4,2026-05-11 08:15:00,2026-05-11 08:57:00
5080,56,4,2026-04-20 10:15:00,2026-04-20 11:16:00
950,180,2,2026-04-07 08:15:00,2026-04-07 08:58:00
2533,281,2,2026-04-06 08:15:00,2026-04-06 08:34:00
6012,223,5,2026-04-29 09:15:00,2026-04-29 10:39:00
3028,288,2,2026-05-04 08:15:00,2026-05-04 08:46:00
5328,88,4,2026-06-12 07:15:00,2026-06-12 07:49:00
6209,80,4,2026-06-15 06:15:00,2026-06-15 07:44:00
6707,165,1,2026-05-01 07:15:00,2026-05-01 07:36:00
449,289,5,2026-06-01 06:15:00,2026-06-01 07:14:00
2750,24,5,2026-06-14 10:15:00,2026-06-14 11:07:00
1265,281,2,2026-05-31 08:15:00,2026-05-31 08:43:00
4730,2,5,2026-06-01 07:15:00,2026-06-01 08:15:00
1667,61,3,2026-04-14 10:15:00,2026-04-14 10:44:00
3346,14,3,2026-04-23 08:15:00,2026-04-23 09:03:00
5901,16,1,2026-05-05 06:15:00,2026-05-05 07:29:00
4717,157,1,2026-04-19 06:15:00,2026-04-19 07:30:00
3559,57,3,2026-04-24 06:15:00,2026-04-24 07:04:00
1785,140,1,2026-05-23 09:15:00,2026-05-23 09:51:00
5206,237,1,2026-06-02 09:15:00,2026-06-02 09:43:00
6351,156,5,2026-05-15 09:15:00,2026-05-15 10:00:00
4313,176,1,2026-06-18 06:15:00,2026-06-18 06:52:00
921,99,3,2026-04-12 10:15:00,2026-04-12 10:39:00
4488,79,5,2026-05-27 09:15:00,2026-05-27 10:24:00
6274,203,4,2026-05-21 10:15:00,2026-05-21 10:45:00
388,295,1,2026-06-10 09:15:00,2026-06-10 09:51:00
3419,83,2,2026-04-11 08:15:00,2026-04-11 09:40:00
6801,190,5,2026-04-09 06:15:00,2026-04-09 06:55:00
172,152,2,2026-04-01 08:15:00,2026-04-01 09:22:00
4405,112,4,2026-06-22 09:15:00,2026-06-22 09:54:00
2574,269,4,2026-06-12 07:15:00,2026-06-12 08:10:00
6679,263,5,2026-05-02 06:15:00,2026-05-02 07:01:00
2123,78,3,2026-04-21 10:15:00,2026-04-21 11:40:00
6613,136,3,2026-06-27 07:15:00,2026-06-27 07:41:00
5782,203,5,2026-04-12 08:15:00,2026-04-12 08:57:00
6570,200,5,2026-04-17 09:15:00,2026-04-17 09:53:00
6874,172,2,2026-05-16 10:15:00,2026-05-16 11:06:00
3268,256,5,2026-05-12 10:15:00,2026-05-12 11:27:00
5893,271,1,2026-04-13 09:15:00,2026-04-13 10:28:00
631,25,5,2026-05-19 07:15:00,2026-05-19 08:36:00
4003,90,5,2026-06-28 06:15:00,2026-06-28 06:42:00
4133,136,4,2026-06-20 08:15:00,2026-06-20 09:09:00
6319,109,5,2026-05-28 10:15:00,2026-05-28 11:24:00
458,277,1,2026-06-22 09:15:00,2026-06-22 09:55:00
6153,251,2,2026-06-17 09:15:00,2026-06-17 10:04:00
3832,102,2,2026-05-20 09:15:00,2026-05-20 09:34:00
3211,204,4,2026-05-27 09:15:00,2026-05-27 10:40:00
3687,112,4,2026-06-12 07:15:00,2026-06-12 07:34:00
2756,173,4,2026-05-16 10:15:00,2026-05-16 10:55:00
6535,254,5,2026-06-18 10:15:00,2026-06-18 11:24:00
5142,104,1,2026-04-21 06:15:00,2026-04-21 07:33:00
2007,51,4,2026-05-04 07:15:00,2026-05-04 08:19:00
6005,207,1,2026-04-13 08:15:00,2026-04-13 08:45:00
4699,182,2,2026-05-14 06:15:00,2026-05-14 07:32:00
4471,64,4,2026-06-02 08:15:00,2026-06-02 08:58:00
529,131,3,2026-05-15 09:15:00,2026-05-15 10:25:00
1118,260,2,2026-06-01 09:15:00,2026-06-01 09:49:00
4918,164,2,2026-06-28 07:15:00,2026-06-28 08:00:00
775,249,1,2026-04-15 09:15:00,2026-04-15 10:04:00
2731,252,3,2026-05-21 07:15:00,2026-05-21 07:33:00
1281,108,1,2026-06-24 06:15:00,2026-06-24 06:57:00
6974,68,3,2026-05-26 10:15:00,2026-05-26 11:16:00
5654,232,5,2026-06-17 10:15:00,2026-06-17 10:49:00
5718,129,4,2026-05-13 07:15:00,2026-05-13 08:28:00
6846,103,5,2026-05-07 07:15:00,2026-05-07 07:48:00
254,272,1,2026-04-06 07:15:00,2026-04-06 08:10:00
5215,33,1,2026-04-15 07:15:00,2026-04-15 08:11:00
508,249,2,2026-04-26 09:15:00,2026-04-26 09:48:00
5749,283,4,2026-06-02 06:15:00,2026-06-02 06:31:00
5546,48,3,2026-06-02 08:15:00,2026-06-02 08:45:00
6665,273,5,2026-05-21 06:15:00,2026-05-21 07:16:00
6631,297,1,2026-05-31 07:15:00,2026-05-31 08:13:00
3153,216,2,2026-04-30 08:15:00,2026-04-30 08:59:00
3216,240,3,2026-06-03 06:15:00,2026-06-03 06:48:00
1006,126,5,2026-04-16 07:15:00,2026-04-16 08:28:00
1073,141,3,2026-05-11 06:15:00,2026-05-11 07:16:00
1153,194,1,2026-04-21 06:15:00,2026-04-21 07:17:00
98,63,2,2026-04-19 10:15:00,2026-04-19 10:56:00
1226,208,4,2026-06-09 06:15:00,2026-06-09 07:04:00
5853,296,1,2026-05-24 09:15:00,2026-05-24 10:22:00
1645,16,2,2026-04-18 08:15:00,2026-04-18 08:42:00
1335,291,1,2026-06-22 09:15:00,2026-06-22 09:59:00
255,241,2,2026-04-06 09:15:00,2026-04-06 10:21:00
1941,75,4,2026-06-23 08:15:00,2026-06-23 08:49:00
6011,167,5,2026-04-14 09:15:00,2026-04-14 10:01:00
2705,163,1,2026-04-13 08:15:00,2026-04-13 08:30:00
6856,41,2,2026-04-15 10:15:00,2026-04-15 10:42:00
5618,130,2,2026-06-06 10:15:00,2026-06-06 10:40:00
2276,188,2,2026-04-06 09:15:00,2026-04-06 09:37:00
5031,64,4,2026-04-25 09:15:00,2026-04-25 09:38:00
6421,105,3,2026-04-09 07:15:00,2026-04-09 08:38:00
3588,230,1,2026-04-05 09:15:00,2026-04-05 10:10:00
6708,54,5,2026-05-14 09:15:00,2026-05-14 09:40:00
3760,76,5,2026-06-06 09:15:00,2026-06-06 09:41:00
3999,111,4,2026-04-01 10:15:00,2026-04-01 11:23:00
12,45,5,2026-04-22 07:15:00,2026-04-22 08:34:00
2265,157,5,2026-06-11 09:15:00,2026-06-11 10:07:00
1296,169,4,2026-04-29 10:15:00,2026-04-29 10:53:00
869,7,2,2026-05-09 09:15:00,2026-05-09 09:46:00
158,31,2,2026-05-01 10:15:00,2026-05-01 11:16:00
662,293,3,2026-06-24 08:15:00,2026-06-24 08:58:00
4463,74,1,2026-06-06 06:15:00,2026-06-06 06:42:00
1319,120,5,2026-05-12 10:15:00,2026-05-12 11:27:00
3936,173,5,2026-06-26 10:15:00,2026-06-26 11:31:00
6186,211,4,2026-05-03 09:15:00,2026-05-03 10:21:00
2558,207,2,2026-05-25 09:15:00,2026-05-25 09:55:00
4606,18,4,2026-06-16 06:15:00,2026-06-16 07:36:00
5161,9,5,2026-04-26 06:15:00,2026-04-26 06:41:00
3847,161,5,2026-04-03 10:15:00,2026-04-03 10:57:00
3556,198,1,2026-04-01 08:15:00,2026-04-01 09:31:00
5987,209,3,2026-04-02 10:15:00,2026-04-02 11:18:00
2157,168,5,2026-04-25 08:15:00,2026-04-25 08:42:00
6574,231,1,2026-05-06 09:15:00,2026-05-06 09:54:00
651,104,5,2026-05-26 07:15:00,2026-05-26 08:11:00
1459,174,4,2026-05-28 06:15:00,2026-05-28 07:00:00
1245,10,4,2026-05-26 10:15:00,2026-05-26 11:20:00
636,138,5,2026-06-12 10:15:00,2026-06-12 10:32:00
6343,197,2,2026-04-16 10:15:00,2026-04-16 10:51:00
4324,244,5,2026-05-03 10:15:00,2026-05-03 11:39:00
2222,61,5,2026-06-20 07:15:00,2026-06-20 08:01:00
1016,33,4,2026-06-12 06:15:00,2026-06-12 06:57:00
5263,236,5,2026-06-12 08:15:00,2026-06-12 09:15:00
2100,274,3,2026-05-11 07:15:00,2026-05-11 08:34:00
1726,56,5,2026-04-06 10:15:00,2026-04-06 11:21:00
3289,176,4,2026-05-12 08:15:00,2026-05-12 09:12:00
699,5,5,2026-05-03 06:15:00,2026-05-03 06:56:00
6037,223,4,2026-05-15 09:15:00,2026-05-15 10:32:00
2946,77,2,2026-06-09 07:15:00,2026-06-09 07:31:00
1843,185,2,2026-04-21 07:15:00,2026-04-21 07:45:00
5239,28,5,2026-05-05 09:15:00,2026-05-05 09:37:00
3174,87,1,2026-06-22 10:15:00,2026-06-22 10:50:00
2768,238,2,2026-04-26 09:15:00,2026-04-26 10:29:00
6504,58,3,2026-06-17 09:15:00,2026-06-17 09:58:00
1326,270,4,2026-05-21 06:15:00,2026-05-21 06:49:00
2223,239,5,2026-04-11 06:15:00,2026-04-11 07:18:00
6077,119,3,2026-04-14 08:15:00,2026-04-14 09:15:00
4738,147,1,2026-04-02 09:15:00,2026-04-02 10:19:00
1158,70,3,2026-06-18 06:15:00,2026-06-18 07:40:00
3699,130,5,2026-06-19 07:15:00,2026-06-19 08:22:00
189,6,5,2026-06-18 06:15:00,2026-06-18 06:42:00
992,129,5,2026-04-29 10:15:00,2026-04-29 10:50:00
5126,46,3,2026-04-23 07:15:00,2026-04-23 07:52:00
2026,158,2,2026-06-16 07:15:00,2026-06-16 07:45:00
625,225,1,2026-05-27 09:15:00,2026-05-27 10:34:00
1828,73,5,2026-06-28 06:15:00,2026-06-28 06:44:00
5914,59,3,2026-04-30 08:15:00,2026-04-30 08:40:00
3259,108,2,2026-06-10 10:15:00,2026-06-10 11:36:00
1576,19,1,2026-06-11 10:15:00,2026-06-11 11:34:00
43,250,4,2026-05-10 08:15:00,2026-05-10 09:44:00
909,265,1,2026-04-14 06:15:00,2026-04-14 07:36:00
3692,10,1,2026-05-17 06:15:00,2026-05-17 06:31:00
3472,74,1,2026-04-20 10:15:00,2026-04-20 11:19:00
1033,269,3,2026-04-03 10:15:00,2026-04-03 11:13:00
1032,170,5,2026-04-15 08:15:00,2026-04-15 08:54:00
498,88,4,2026-06-25 10:15:00,2026-06-25 11:24:00
5643,62,3,2026-04-24 10:15:00,2026-04-24 11:43:00
6584,4,5,2026-04-04 06:15:00,2026-04-04 06:34:00
1126,222,4,2026-05-03 06:15:00,2026-05-03 07:17:00
4278,12,5,2026-06-05 06:15:00,2026-06-05 07:13:00
1644,208,3,2026-06-17 06:15:00,2026-06-17 07:44:00
6852,35,1,2026-05-24 08:15:00,2026-05-24 09:28:00
5783,37,5,2026-05-23 09:15:00,2026-05-23 09:40:00
1201,226,3,2026-05-26 08:15:00,2026-05-26 09:24:00
5451,41,3,2026-04-21 10:15:00,2026-04-21 10:31:00
44,296,1,2026-04-24 09:15:00,2026-04-24 09:41:00
7471,45,5,2026-04-24 06:15:00,2026-04-24 07:45:00
7472,167,3,2026-06-13 10:15:00,2026-06-13 11:45:00
7473,19,2,2026-05-02 09:15:00,2026-05-02 10:40:00
7474,17,2,2026-05-16 06:15:00,2026-05-16 07:45:00
7475,96,1,2026-06-02 06:15:00,2026-06-02 07:45:00
7476,37,3,2026-06-07 06:15:00,2026-06-07 07:45:00
7477,238,5,2026-06-14 08:15:00,2026-06-14 09:45:00
7478,80,3,2026-06-03 07:15:00,2026-06-03 08:45:00
7479,166,5,2026-06-15 09:15:00,2026-06-15 10:45:00
7480,269,2,2026-06-22 10:15:00,2026-06-22 11:45:00
7481,223,1,2026-05-22 08:15:00,2026-05-22 09:45:00
7482,89,4,2026-04-14 07:15:00,2026-04-14 08:45:00
7483,185,1,2026-06-27 06:15:00,2026-06-27 07:45:00
7484,275,1,2026-04-09 09:15:00,2026-04-09 10:45:00
7485,281,2,2026-04-24 08:15:00,2026-04-24 09:45:00
7486,224,4,2026-04-27 07:15:00,2026-04-27 08:45:00
7487,185,2,2026-04-02 06:15:00,2026-04-02 07:45:00
7488,241,5,2026-04-16 09:15:00,2026-04-16 10:45:00
7489,10,5,2026-04-07 06:15:00,2026-04-07 07:45:00
7490,171,4,2026-05-18 09:15:00,2026-05-18 10:45:00
7491,143,4,2026-06-23 09:15:00,2026-06-23 10:45:00
7492,299,4,2026-06-28 07:15:00,2026-06-28 08:45:00
7493,125,3,2026-06-01 09:15:00,2026-06-01 10:45:00
7494,44,2,2026-04-02 10:15:00,2026-04-02 11:45:00
7495,78,1,2026-05-31 06:15:00,2026-05-31 07:45:00
7496,145,3,2026-05-24 08:15:00,2026-05-24 09:45:00
7497,188,1,2026-05-31 09:15:00,2026-05-31 10:45:00
7498,234,3,2026-04-11 07:15:00,2026-04-11 08:45:00
7499,128,2,2026-06-26 10:15:00,2026-06-26 11:45:00
7500,167,3,2026-06-01 09:15:00,2026-06-01 10:45:00
7501,275,1,2026-04-18 07:15:00,2026-04-18 08:45:00
7502,129,3,2026-06-08 10:15:00,2026-06-08 11:45:00
7503,201,5,2026-05-22 06:15:00,2026-05-22 07:45:00
7504,201,5,2026-06-09 07:15:00,2026-06-09 08:45:00
7505,106,4,2026-04-25 08:15:00,2026-04-25 09:45:00
7506,210,4,2026-04-06 10:15:00,2026-04-06 11:22:00
7507,231,1,2026-04-23 07:15:00,2026-04-23 08:45:00
7508,1,4,2026-04-04 10:15:00,2026-04-04 11:45:00
7509,285,5,2026-06-08 06:15:00,2026-06-08 07:35:00
7510,169,1,2026-04-15 10:15:00,2026-04-15 11:45:00
7511,193,2,2026-04-04 08:15:00,2026-04-04 09:45:00
7512,221,1,2026-05-21 08:15:00,2026-05-21 09:45:00
7513,273,1,2026-06-23 08:15:00,2026-06-23 09:45:00
7514,38,3,2026-06-26 07:15:00,2026-06-26 08:45:00
7515,206,5,2026-06-08 09:15:00,2026-06-08 10:45:00
7516,63,3,2026-04-22 08:15:00,2026-04-22 09:45:00
7517,14,5,2026-04-12 07:15:00,2026-04-12 08:45:00
7518,82,4,2026-06-05 10:15:00,2026-06-05 11:45:00
7519,202,4,2026-06-27 10:15:00,2026-06-27 11:45:00
7520,222,1,2026-05-21 09:15:00,2026-05-21 10:45:00
7521,210,4,2026-05-07 08:15:00,2026-05-07 09:45:00
7522,13,2,2026-06-14 06:15:00,2026-06-14 07:45:00
7523,243,4,2026-06-18 09:15:00,2026-06-18 10:45:00
7524,169,4,2026-05-03 07:15:00,2026-05-03 08:45:00
7525,249,5,2026-05-08 10:15:00,2026-05-08 11:45:00
7526,289,1,2026-05-07 10:15:00,2026-05-07 11:45:00
7527,120,1,2026-04-14 06:15:00,2026-04-14 07:45:00
7528,14,3,2026-05-29 06:15:00,2026-05-29 07:45:00
7529,225,3,2026-06-18 08:15:00,2026-06-18 09:45:00
7530,91,5,2026-06-09 08:15:00,2026-06-09 09:45:00
7531,100,2,2026-06-22 09:15:00,2026-06-22 10:45:00
7532,19,3,2026-05-08 06:15:00,2026-05-08 07:37:00
7533,126,2,2026-06-01 08:15:00,2026-06-01 09:45:00
7534,98,1,2026-05-24 06:15:00,2026-05-24 07:45:00
7535,64,2,2026-04-10 10:15:00,2026-04-10 11:45:00
7536,47,5,2026-04-14 07:15:00,2026-04-14 08:45:00
7537,270,1,2026-06-23 07:15:00,2026-06-23 08:45:00
7538,276,1,2026-05-06 07:15:00,2026-05-06 08:45:00
7539,244,1,2026-05-04 07:15:00,2026-05-04 08:45:00
7540,101,4,2026-06-09 10:15:00,2026-06-09 11:43:00
7541,136,1,2026-06-11 07:15:00,2026-06-11 08:45:00
7542,25,5,2026-05-04 08:15:00,2026-05-04 09:45:00
7543,279,1,2026-06-24 09:15:00,2026-06-24 10:45:00
7544,75,4,2026-05-17 09:15:00,2026-05-17 10:45:00
7545,18,1,2026-05-17 09:15:00,2026-05-17 10:45:00
7546,93,3,2026-05-20 06:15:00,2026-05-20 07:45:00
7547,168,3,2026-04-28 07:15:00,2026-04-28 08:45:00
7548,170,3,2026-06-17 07:15:00,2026-06-17 08:45:00
7549,291,3,2026-06-24 09:15:00,2026-06-24 10:45:00
7550,249,2,2026-05-21 07:15:00,2026-05-21 08:45:00
7551,33,1,2026-06-18 10:15:00,2026-06-18 11:45:00
7552,177,2,2026-06-25 08:15:00,2026-06-25 09:45:00
7553,280,2,2026-04-24 08:15:00,2026-04-24 09:45:00
7554,121,3,2026-05-31 09:15:00,2026-05-31 10:45:00
7555,147,1,2026-05-18 10:15:00,2026-05-18 11:45:00
7556,41,4,2026-06-12 09:15:00,2026-06-12 10:45:00
7557,217,3,2026-04-06 06:15:00,2026-04-06 07:45:00
7558,294,4,2026-04-30 10:15:00,2026-04-30 11:45:00
7559,73,3,2026-06-23 09:15:00,2026-06-23 10:45:00
7560,278,1,2026-06-25 07:15:00,2026-06-25 08:45:00
7561,47,2,2026-06-15 06:15:00,2026-06-15 07:45:00
7562,51,4,2026-04-21 08:15:00,2026-04-21 09:45:00
7563,153,2,2026-06-03 08:15:00,2026-06-03 09:45:00
7564,89,4,2026-05-21 08:15:00,2026-05-21 09:45:00
7565,88,5,2026-05-04 10:15:00,2026-05-04 11:45:00
7566,1,3,2026-04-10 06:15:00,2026-04-10 07:45:00
7567,109,2,2026-06-22 07:15:00,2026-06-22 08:45:00
7568,225,3,2026-05-17 09:15:00,2026-05-17 10:45:00
7569,244,5,2026-04-21 06:15:00,2026-04-21 07:45:00
7570,165,2,2026-05-04 08:15:00,2026-05-04 09:45:00
7571,118,2,2026-06-27 09:15:00,2026-06-27 10:45:00
7572,285,4,2026-06-27 09:15:00,2026-06-27 10:45:00
7573,214,4,2026-04-10 07:15:00,2026-04-10 08:45:00
7574,20,4,2026-04-23 06:15:00,2026-04-23 07:45:00
7575,132,5,2026-05-10 07:15:00,2026-05-10 08:45:00
7576,50,4,2026-06-07 06:15:00,2026-06-07 07:45:00
7577,295,1,2026-04-11 10:15:00,2026-04-11 11:45:00
7578,280,4,2026-05-16 08:15:00,2026-05-16 09:45:00
7579,298,3,2026-06-16 10:15:00,2026-06-16 11:45:00
7580,269,3,2026-06-17 10:15:00,2026-06-17 11:45:00
7581,4,5,2026-06-07 10:15:00,2026-06-07 11:17:00
7582,143,3,2026-05-06 06:15:00,2026-05-06 07:42:00
7583,108,4,2026-05-08 08:15:00,2026-05-08 09:45:00
7584,67,3,2026-05-19 09:15:00,2026-05-19 10:45:00
7585,46,4,2026-04-17 08:15:00,2026-04-17 09:37:00
7586,257,4,2026-04-09 09:15:00,2026-04-09 10:45:00
7587,268,2,2026-05-03 08:15:00,2026-05-03 09:45:00
7588,228,4,2026-06-16 07:15:00,2026-06-16 08:45:00
7589,218,1,2026-05-22 10:15:00,2026-05-22 11:45:00
7590,197,2,2026-06-05 06:15:00,2026-06-05 07:45:00
7591,297,3,2026-06-25 08:15:00,2026-06-25 09:45:00
7592,12,2,2026-05-12 09:15:00,2026-05-12 10:45:00
7593,269,5,2026-05-23 10:15:00,2026-05-23 11:45:00
7594,293,1,2026-06-22 08:15:00,2026-06-22 09:45:00
7595,75,3,2026-06-27 07:15:00,2026-06-27 08:45:00
7596,240,2,2026-04-14 06:15:00,2026-04-14 07:45:00
7597,87,4,2026-06-13 10:15:00,2026-06-13 11:35:00
7598,49,2,2026-05-12 06:15:00,2026-05-12 07:45:00
7599,59,2,2026-05-06 07:15:00,2026-05-06 08:45:00
7600,266,1,2026-05-06 07:15:00,2026-05-06 08:45:00
7601,152,4,2026-04-15 09:15:00,2026-04-15 10:45:00
7602,219,3,2026-05-25 07:15:00,2026-05-25 08:45:00
7603,292,1,2026-05-25 06:15:00,2026-05-25 07:45:00
7604,211,3,2026-04-16 08:15:00,2026-04-16 09:42:00
7605,178,3,2026-05-30 08:15:00,2026-05-30 09:45:00
7606,201,2,2026-04-05 07:15:00,2026-04-05 08:45:00
7607,60,4,2026-05-24 10:15:00,2026-05-24 11:45:00
7608,76,1,2026-06-28 08:15:00,2026-06-28 09:45:00
7609,204,4,2026-05-06 07:15:00,2026-05-06 08:45:00
7610,231,5,2026-05-03 10:15:00,2026-05-03 11:29:00
7611,273,1,2026-05-29 10:15:00,2026-05-29 11:45:00
7612,32,4,2026-05-28 07:15:00,2026-05-28 08:45:00
7613,191,2,2026-05-17 06:15:00,2026-05-17 07:33:00
7614,67,3,2026-05-22 06:15:00,2026-05-22 07:45:00
7615,181,5,2026-05-21 07:15:00,2026-05-21 08:45:00
7616,299,4,2026-05-20 10:15:00,2026-05-20 11:45:00
7617,249,2,2026-04-11 10:15:00,2026-04-11 11:45:00
7618,10,4,2026-04-02 09:15:00,2026-04-02 10:45:00
7619,287,1,2026-04-04 07:15:00,2026-04-04 08:45:00
7620,141,2,2026-05-27 06:15:00,2026-05-27 07:45:00
7621,121,3,2026-04-29 09:15:00,2026-04-29 10:45:00
7622,140,2,2026-06-04 10:15:00,2026-06-04 11:45:00
7623,109,1,2026-05-16 09:15:00,2026-05-16 10:45:00
7624,257,3,2026-04-28 06:15:00,2026-04-28 07:45:00
7625,164,1,2026-04-21 06:15:00,2026-04-21 07:45:00
7626,170,5,2026-05-29 06:15:00,2026-05-29 07:45:00
7627,146,5,2026-06-26 08:15:00,2026-06-26 09:45:00
7628,206,2,2026-06-11 06:15:00,2026-06-11 07:20:00
7629,135,3,2026-06-04 10:15:00,2026-06-04 11:45:00
7630,175,3,2026-05-15 08:15:00,2026-05-15 09:45:00
7631,186,3,2026-05-03 07:15:00,2026-05-03 08:45:00
7632,9,3,2026-04-27 08:15:00,2026-04-27 09:45:00
7633,163,5,2026-06-27 06:15:00,2026-06-27 07:45:00
7634,181,5,2026-05-09 10:15:00,2026-05-09 11:20:00
7635,99,5,2026-05-26 08:15:00,2026-05-26 09:45:00
7636,271,5,2026-04-10 07:15:00,2026-04-10 08:45:00
7637,63,2,2026-05-06 06:15:00,2026-05-06 07:45:00
7638,162,3,2026-06-02 07:15:00,2026-06-02 08:45:00
7639,275,4,2026-05-03 06:15:00,2026-05-03 07:45:00
7640,15,2,2026-05-15 07:15:00,2026-05-15 08:45:00
7641,15,3,2026-05-26 10:15:00,2026-05-26 11:45:00
7642,158,1,2026-06-11 08:15:00,2026-06-11 09:44:00
7643,201,2,2026-05-30 07:15:00,2026-05-30 08:45:00
7644,267,4,2026-04-16 06:15:00,2026-04-16 07:45:00
7645,216,1,2026-05-18 08:15:00,2026-05-18 09:45:00
7646,21,5,2026-05-18 07:15:00,2026-05-18 08:45:00
7647,217,5,2026-06-16 07:15:00,2026-06-16 08:45:00
7648,232,4,2026-06-02 07:15:00,2026-06-02 08:45:00
7649,242,1,2026-05-15 10:15:00,2026-05-15 11:45:00
7650,46,5,2026-05-26 09:15:00,2026-05-26 10:45:00
7651,69,1,2026-05-02 06:15:00,2026-05-02 07:45:00
7652,97,1,2026-04-11 06:15:00,2026-04-11 07:45:00
7653,199,1,2026-06-12 09:15:00,2026-06-12 10:45:00
7654,63,2,2026-04-24 08:15:00,2026-04-24 09:45:00
7655,187,5,2026-04-23 07:15:00,2026-04-23 08:45:00
7656,222,4,2026-05-18 09:15:00,2026-05-18 10:45:00
7657,54,2,2026-04-22 08:15:00,2026-04-22 09:45:00
7658,137,4,2026-05-05 10:15:00,2026-05-05 11:45:00
7659,163,1,2026-05-07 07:15:00,2026-05-07 08:45:00
7660,178,4,2026-06-15 08:15:00,2026-06-15 09:45:00
7661,177,2,2026-05-22 08:15:00,2026-05-22 09:45:00
7662,96,5,2026-05-25 06:15:00,2026-05-25 07:45:00
7663,175,2,2026-06-25 08:15:00,2026-06-25 09:45:00
7664,123,1,2026-05-11 09:15:00,2026-05-11 10:45:00
7665,220,3,2026-05-03 06:15:00,2026-05-03 07:45:00
7666,119,4,2026-04-06 10:15:00,2026-04-06 11:45:00
7667,3,3,2026-06-25 09:15:00,2026-06-25 10:45:00
7668,102,3,2026-05-02 07:15:00,2026-05-02 08:45:00
7669,190,4,2026-06-29 09:15:00,2026-06-29 10:45:00
7670,24,5,2026-06-16 10:15:00,2026-06-16 11:45:00
7671,129,4,2026-04-24 06:15:00,2026-04-24 07:45:00
7672,196,5,2026-06-17 09:15:00,2026-06-17 10:45:00
7673,263,5,2026-05-24 10:15:00,2026-05-24 11:45:00
7674,56,5,2026-04-10 08:15:00,2026-04-10 09:45:00
7675,17,3,2026-06-13 06:15:00,2026-06-13 07:45:00
7676,259,5,2026-04-14 10:15:00,2026-04-14 11:45:00
7677,158,2,2026-05-23 07:15:00,2026-05-23 08:45:00
7678,289,5,2026-05-06 08:15:00,2026-05-06 09:26:00
7679,181,1,2026-04-14 08:15:00,2026-04-14 09:45:00
7680,63,5,2026-04-30 09:15:00,2026-04-30 10:42:00
7681,277,1,2026-06-07 09:15:00,2026-06-07 10:33:00
7682,29,3,2026-04-19 07:15:00,2026-04-19 08:45:00
7683,175,1,2026-05-25 10:15:00,2026-05-25 11:45:00
7684,33,1,2026-06-20 09:15:00,2026-06-20 10:45:00
7685,242,5,2026-06-02 09:15:00,2026-06-02 10:45:00
7686,212,3,2026-06-07 09:15:00,2026-06-07 10:45:00
7687,283,1,2026-05-31 07:15:00,2026-05-31 08:45:00
7688,257,2,2026-05-27 08:15:00,2026-05-27 09:45:00
7689,182,3,2026-05-17 09:15:00,2026-05-17 10:45:00
7690,289,2,2026-05-08 07:15:00,2026-05-08 08:45:00
7691,139,4,2026-06-10 07:15:00,2026-06-10 08:45:00
7692,259,5,2026-05-21 09:15:00,2026-05-21 10:45:00
7693,297,2,2026-04-10 07:15:00,2026-04-10 08:34:00
7694,174,4,2026-05-12 07:15:00,2026-05-12 08:45:00
7695,157,5,2026-05-25 08:15:00,2026-05-25 09:45:00
7696,237,1,2026-04-21 10:15:00,2026-04-21 11:45:00
7697,234,4,2026-06-27 09:15:00,2026-06-27 10:45:00
7698,251,3,2026-04-01 07:15:00,2026-04-01 08:45:00
7699,206,2,2026-05-27 06:15:00,2026-05-27 07:45:00
7700,74,5,2026-05-24 10:15:00,2026-05-24 11:45:00
7701,261,4,2026-06-11 06:15:00,2026-06-11 07:45:00
7702,166,4,2026-05-09 10:15:00,2026-05-09 11:39:00
7703,294,1,2026-04-05 10:15:00,2026-04-05 11:45:00
7704,41,4,2026-04-23 08:15:00,2026-04-23 09:45:00
7705,276,2,2026-04-28 07:15:00,2026-04-28 08:34:00
7706,116,3,2026-04-24 06:15:00,2026-04-24 07:45:00
7707,47,2,2026-05-30 07:15:00,2026-05-30 08:45:00
7708,92,5,2026-04-24 06:15:00,2026-04-24 07:45:00
7709,217,1,2026-04-08 09:15:00,2026-04-08 10:45:00
7710,47,5,2026-05-05 09:15:00,2026-05-05 10:45:00
7711,171,1,2026-04-04 06:15:00,2026-04-04 07:45:00
7712,234,1,2026-04-28 10:15:00,2026-04-28 11:45:00
7713,4,4,2026-04-25 07:15:00,2026-04-25 08:45:00
7714,241,4,2026-04-09 06:15:00,2026-04-09 07:45:00
7715,113,2,2026-05-13 06:15:00,2026-05-13 07:45:00
7716,36,5,2026-05-26 07:15:00,2026-05-26 08:45:00
7717,158,2,2026-05-25 06:15:00,2026-05-25 07:45:00
7718,109,5,2026-04-28 08:15:00,2026-04-28 09:45:00
7719,8,1,2026-04-01 09:15:00,2026-04-01 10:45:00
7720,297,4,2026-05-16 09:15:00,2026-05-16 10:45:00
7721,277,2,2026-05-15 09:15:00,2026-05-15 10:45:00
7722,110,2,2026-04-18 07:15:00,2026-04-18 08:45:00
7723,272,3,2026-06-10 06:15:00,2026-06-10 07:45:00
7724,91,5,2026-05-10 07:15:00,2026-05-10 08:45:00
7725,209,3,2026-05-14 07:15:00,2026-05-14 08:45:00
7726,278,4,2026-05-20 09:15:00,2026-05-20 10:45:00
7727,102,4,2026-05-03 09:15:00,2026-05-03 10:45:00
7728,240,5,2026-06-23 08:15:00,2026-06-23 09:45:00
7729,46,2,2026-06-19 10:15:00,2026-06-19 11:45:00
7730,287,3,2026-06-17 10:15:00,2026-06-17 11:45:00
7731,17,2,2026-06-02 08:15:00,2026-06-02 09:45:00
7732,89,2,2026-04-25 09:15:00,2026-04-25 10:37:00
7733,169,3,2026-04-21 06:15:00,2026-04-21 07:45:00
7734,107,4,2026-05-08 06:15:00,2026-05-08 07:45:00
7735,248,4,2026-06-20 06:15:00,2026-06-20 07:45:00
7736,154,1,2026-05-02 06:15:00,2026-05-02 07:45:00
7737,94,1,2026-05-13 07:15:00,2026-05-13 08:43:00
7738,266,3,2026-04-21 10:15:00,2026-04-21 11:45:00
7739,291,3,2026-04-18 08:15:00,2026-04-18 09:45:00
7740,189,4,2026-04-06 06:15:00,2026-04-06 07:45:00
7741,39,1,2026-04-02 07:15:00,2026-04-02 08:45:00
7742,153,4,2026-05-12 09:15:00,2026-05-12 10:45:00
7743,166,1,2026-04-21 08:15:00,2026-04-21 09:45:00
7744,31,3,2026-05-17 07:15:00,2026-05-17 08:45:00
7745,212,5,2026-05-28 06:15:00,2026-05-28 07:45:00
7746,162,4,2026-06-27 08:15:00,2026-06-27 09:45:00
7747,67,5,2026-05-23 09:15:00,2026-05-23 10:45:00
7748,276,1,2026-06-09 07:15:00,2026-06-09 08:45:00
7749,283,5,2026-05-13 07:15:00,2026-05-13 08:45:00
7750,144,2,2026-04-06 10:15:00,2026-04-06 11:45:00
7751,239,5,2026-05-27 09:15:00,2026-05-27 10:45:00
7752,132,3,2026-05-27 09:15:00,2026-05-27 10:45:00
7753,183,2,2026-04-10 09:15:00,2026-04-10 10:45:00
7754,31,1,2026-04-12 06:15:00,2026-04-12 07:45:00
7755,79,5,2026-05-12 07:15:00,2026-05-12 08:45:00
7756,168,2,2026-05-02 09:15:00,2026-05-02 10:45:00
7757,95,5,2026-05-28 08:15:00,2026-05-28 09:20:00
7758,70,3,2026-04-05 06:15:00,2026-04-05 07:45:00
7759,177,2,2026-05-03 07:15:00,2026-05-03 08:45:00
7760,214,2,2026-06-14 08:15:00,2026-06-14 09:22:00
7761,205,3,2026-05-24 10:15:00,2026-05-24 11:45:00
7762,126,5,2026-05-20 10:15:00,2026-05-20 11:45:00
7763,102,2,2026-05-31 09:15:00,2026-05-31 10:45:00
7764,205,1,2026-04-21 06:15:00,2026-04-21 07:45:00
7765,59,2,2026-05-24 07:15:00,2026-05-24 08:45:00
7766,71,4,2026-05-07 09:15:00,2026-05-07 10:45:00
7767,40,4,2026-04-08 10:15:00,2026-04-08 11:45:00
7768,3,2,2026-06-24 09:15:00,2026-06-24 10:45:00
7769,226,1,2026-06-13 06:15:00,2026-06-13 07:45:00
7770,87,3,2026-04-15 10:15:00,2026-04-15 11:45:00
