people_id,first_name,surname,employee_name,job_role,employment_type,team,hire_date
1,Emma,Smith,Emma Smith,Senior Engineer,Permanent,South,2019-07-26
2,Emma,Hill,Emma Hill,Engineer,Contractor,North,2018-05-03
3,Daniel,Evans,Daniel Evans,Engineer,Permanent,South,2024-02-11
4,Sophie,Thomas,Sophie Thomas,Senior Engineer,Contractor,North,2019-10-16
5,Sophie,Walker,Sophie Walker,Senior Engineer,Permanent,South,2021-10-10
6,Emma,Taylor,Emma Taylor,Senior Engineer,Permanent,East,2021-11-09
7,Lucy,Roberts,Lucy Roberts,Engineer,Contractor,North,2022-03-31
8,Daniel,Hill,Daniel Hill,Senior Engineer,Contractor,South,2018-10-12
9,Sarah,Thomas,Sarah Thomas,Senior Engineer,Permanent,South,2019-02-18
10,George,Roberts,George Roberts,Senior Engineer,Contractor,South,2022-02-25
11,Emily,Evans,Emily Evans,Senior Engineer,Permanent,South,2023-12-28
12,Charlotte,Davies,Charlotte Davies,Senior Engineer,Contractor,East,2024-03-31
13,Charlotte,Walker,Charlotte Walker,Engineer,Permanent,North,2021-07-16
14,George,Roberts,George Roberts,Engineer,Permanent,East,2020-05-20
15,Grace,Hall,Grace Hall,Senior Engineer,Permanent,East,2019-07-26
16,Charlotte,Hill,Charlotte Hill,Senior Engineer,Contractor,West,2022-01-22
17,Charlotte,Brown,Charlotte Brown,Senior Engineer,Permanent,North,2019-03-26
18,Michael,Davies,Michael Davies,Senior Engineer,Permanent,West,2022-04-13
19,Lucy,Turner,Lucy Turner,Senior Engineer,Permanent,North,2024-01-09
20,Harry,Walker,Harry Walker,Engineer,Contractor,West,2019-10-10
21,William,Smith,William Smith,Senior Engineer,Permanent,North,2021-05-07
22,Oliver,Parker,Oliver Parker,Engineer,Permanent,East,2019-10-24
23,Jessica,Cooper,Jessica Cooper,Engineer,Contractor,West,2018-03-21
24,Emma,Wright,Emma Wright,Senior Engineer,Permanent,North,2020-09-13
25,Henry,Taylor,Henry Taylor,Engineer,Contractor,North,2023-12-22
26,Michael,Brown,Michael Brown,Senior Engineer,Permanent,East,2023-12-02
27,Lucy,Green,Lucy Green,Engineer,Permanent,East,2022-06-23
28,Emily,Turner,Emily Turner,Senior Engineer,Permanent,South,2020-07-09
29,Daniel,Walker,Daniel Walker,Engineer,Permanent,South,2018-01-30
30,Daniel,Jones,Daniel Jones,Engineer,Permanent,North,2021-09-15
31,Daniel,Cooper,Daniel Cooper,Engineer,Contractor,West,2020-05-27
32,Jessica,Brown,Jessica Brown,Senior Engineer,Permanent,West,2022-07-26
33,Thomas,Wilson,Thomas Wilson,Engineer,Contractor,East,2022-10-01
34,Sophie,Turner,Sophie Turner,Engineer,Permanent,North,2022-07-08
35,Jack,Wilson,Jack Wilson,Engineer,Permanent,South,2024-01-06
36,William,Brown,William Brown,Senior Engineer,Permanent,East,2023-03-10
37,Charlotte,Taylor,Charlotte Taylor,Senior Engineer,Permanent,North,2024-01-24
38,James,Taylor,James Taylor,Engineer,Permanent,West,2023-06-13
39,Grace,Evans,Grace Evans,Senior Engineer,Permanent,South,2022-04-02
40,James,Hall,James Hall,Senior Engineer,Contractor,East,2022-09-29
41,Jessica,Wood,Jessica Wood,Engineer,Permanent,East,2020-06-10
42,Sarah,Ward,Sarah Ward,Engineer,Contractor,North,2018-07-25
43,Henry,Wood,Henry Wood,Engineer,Permanent,North,2020-02-01
44,Daniel,Parker,Daniel Parker,Engineer,Permanent,West,2019-05-07
45,Henry,Thomas,Henry Thomas,Engineer,Permanent,West,2024-07-18
46,Henry,Cooper,Henry Cooper,Senior Engineer,Contractor,South,2021-07-10
47,Charlotte,Roberts,Charlotte Roberts,Senior Engineer,Permanent,East,2023-02-16
48,Jack,Taylor,Jack Taylor,Engineer,Contractor,North,2018-10-28
49,Jessica,Evans,Jessica Evans,Senior Engineer,Permanent,East,2018-10-09
50,Charlotte,Wright,Charlotte Wright,Senior Engineer,Permanent,West,2024-02-04
51,Amelia,Parker,Amelia Parker,Engineer,Contractor,North,2019-07-05
52,Harry,Wilson,Harry Wilson,Engineer,Permanent,East,2021-02-28
53,Lucy,Evans,Lucy Evans,Senior Engineer,Permanent,East,2023-09-02
54,Grace,Roberts,Grace Roberts,Engineer,Permanent,West,2021-02-07
55,Sarah,Smith,Sarah Smith,Senior Engineer,Permanent,East,2019-10-24
56,William,Hill,William Hill,Senior Engineer,Permanent,North,2018-11-05
57,Michael,Hill,Michael Hill,Engineer,Contractor,South,2022-10-27
58,Michael,Jones,Michael Jones,Senior Engineer,Contractor,North,2022-01-05
59,Thomas,Thomas,Thomas Thomas,Engineer,Contractor,West,2019-09-26
60,Charlotte,Davies,Charlotte Davies,Engineer,Contractor,North,2020-01-05
61,Jack,Green,Jack Green,Engineer,Contractor,South,2019-03-19
62,George,Jones,George Jones,Senior Engineer,Permanent,South,2023-03-01
63,Emily,Johnson,Emily Johnson,Engineer,Permanent,North,2020-03-02
64,George,Walker,George Walker,Senior Engineer,Permanent,East,2021-12-09
65,Oliver,Hall,Oliver Hall,Senior Engineer,Permanent,North,2020-12-05
66,Olla,Ward,Olla Ward,Senior Engineer,Permanent,North,2024-09-09
67,Sophie,Wright,Sophie Wright,Senior Engineer,Contractor,North,2022-04-27
68,Henry,Evans,Henry Evans,Senior Engineer,Permanent,West,2018-01-07
69,Oliver,Hill,Oliver Hill,Engineer,Contractor,West,2018-10-14
70,Jack,Parker,Jack Parker,Senior Engineer,Permanent,East,2023-09-09
71,Amelia,Green,Amelia Green,Senior Engineer,Contractor,East,2024-03-20
72,Michael,Evans,Michael Evans,Senior Engineer,Contractor,South,2024-05-20
73,Amelia,Hall,Amelia Hall,Engineer,Contractor,East,2020-05-10
74,Sophie,Ward,Sophie Ward,Senior Engineer,Contractor,West,2022-12-17
75,Thomas,Cooper,Thomas Cooper,Senior Engineer,Permanent,North,2021-03-08
76,Oliver,Parker,Oliver Parker,Senior Engineer,Permanent,South,2021-06-25
77,Charlotte,Evans,Charlotte Evans,Engineer,Permanent,North,2020-09-29
78,Grace,Parker,Grace Parker,Engineer,Contractor,West,2024-06-15
79,Thomas,Hall,Thomas Hall,Senior Engineer,Contractor,South,2019-08-28
80,James,Wilson,James Wilson,Senior Engineer,Permanent,South,2023-10-23
81,William,Jones,William Jones,Engineer,Permanent,West,2019-07-01
82,William,Cooper,William Cooper,Senior Engineer,Contractor,West,2024-02-23
83,William,Davies,William Davies,Senior Engineer,Contractor,East,2020-10-09
84,Harry,Cooper,Harry Cooper,Senior Engineer,Permanent,East,2022-12-07
85,Daniel,Johnson,Daniel Johnson,Engineer,Contractor,East,2021-08-02
86,Jessica,Taylor,Jessica Taylor,Engineer,Permanent,South,2022-04-18
87,Michael,Evans,Michael Evans,Engineer,Contractor,West,2021-09-17
88,Jessica,Turner,Jessica Turner,Senior Engineer,Permanent,South,2022-09-17
89,George,Ward,George Ward,Engineer,Contractor,West,2018-01-25
90,Emily,Johnson,Emily Johnson,Senior Engineer,Contractor,South,2023-06-23
91,Charlotte,Roberts,Charlotte Roberts,Senior Engineer,Contractor,North,2022-05-12
92,Jack,Hall,Jack Hall,Engineer,Contractor,South,2023-12-28
93,James,Hall,James Hall,Engineer,Permanent,West,2019-07-10
94,William,Davies,William Davies,Engineer,Contractor,West,2021-09-02
95,Thomas,Turner,Thomas Turner,Senior Engineer,Contractor,West,2021-02-13
96,Sophie,Roberts,Sophie Roberts,Engineer,Contractor,North,2024-01-19
97,Sarah,Wright,Sarah Wright,Engineer,Permanent,North,2018-05-08
98,Charlotte,Evans,Charlotte Evans,Engineer,Permanent,South,2019-06-02
99,Grace,Wilson,Grace Wilson,Engineer,Contractor,East,2022-02-19
100,Olla,Parker,Olla Parker,Engineer,Permanent,East,2019-03-19
101,Henry,Smith,Henry Smith,Senior Engineer,Contractor,West,2020-03-23
102,Daniel,Ward,Daniel Ward,Engineer,Permanent,East,2024-09-25
103,Emma,Ward,Emma Ward,Engineer,Contractor,West,2022-02-26
104,Daniel,Cooper,Daniel Cooper,Senior Engineer,Permanent,West,2023-07-01
105,Emma,Green,Emma Green,Senior Engineer,Contractor,South,2022-11-19
106,Olla,Cooper,Olla Cooper,Senior Engineer,Contractor,West,2022-11-20
107,Henry,Roberts,Henry Roberts,Senior Engineer,Permanent,North,2021-02-16
108,William,Thomas,William Thomas,Senior Engineer,Contractor,East,2018-04-28
109,Grace,Walker,Grace Walker,Engineer,Contractor,South,2021-12-24
110,Harry,Walker,Harry Walker,Senior Engineer,Contractor,North,2023-10-18
111,Thomas,Taylor,Thomas Taylor,Engineer,Contractor,West,2024-03-24
112,Charlotte,Wood,Charlotte Wood,Senior Engineer,Contractor,North,2019-01-17
113,Amelia,Thomas,Amelia Thomas,Senior Engineer,Permanent,East,2024-07-10
114,Emily,Wood,Emily Wood,Senior Engineer,Contractor,East,2021-12-12
115,William,Roberts,William Roberts,Senior Engineer,Contractor,South,2019-05-10
116,Thomas,Walker,Thomas Walker,Engineer,Permanent,South,2020-06-05
117,Grace,Roberts,Grace Roberts,Senior Engineer,Permanent,South,2021-04-28
118,Charlotte,Wright,Charlotte Wright,Engineer,Contractor,North,2023-12-28
119,Michael,Roberts,Michael Roberts,Engineer,Permanent,East,2019-06-02
120,Grace,Wilson,Grace Wilson,Engineer,Contractor,West,2023-05-15
121,William,Walker,William Walker,Engineer,Permanent,East,2023-05-11
122,Emma,Taylor,Emma Taylor,Senior Engineer,Contractor,North,2024-06-21
123,Sarah,Brown,Sarah Brown,Engineer,Contractor,North,2020-10-13
124,Emma,Hill,Emma Hill,Senior Engineer,Permanent,West,2023-01-20
125,William,Johnson,William Johnson,Senior Engineer,Contractor,North,2024-11-02
126,Emma,Evans,Emma Evans,Engineer,Contractor,North,2019-10-06
127,Charlotte,Davies,Charlotte Davies,Engineer,Permanent,North,2022-08-01
128,William,Parker,William Parker,Senior Engineer,Contractor,North,2020-08-06
129,Amelia,Johnson,Amelia Johnson,Senior Engineer,Permanent,South,2020-12-19
130,Henry,Evans,Henry Evans,Senior Engineer,Permanent,South,2019-09-03
131,Harry,Brown,Harry Brown,Engineer,Permanent,South,2021-06-13
132,Lucy,Ward,Lucy Ward,Senior Engineer,Contractor,North,2023-04-04
133,Amelia,Hall,Amelia Hall,Senior Engineer,Contractor,West,2018-11-26
134,Lucy,Jones,Lucy Jones,Senior Engineer,Contractor,East,2018-04-16
135,Daniel,Thomas,Daniel Thomas,Engineer,Contractor,North,2019-12-19
136,Grace,Cooper,Grace Cooper,Senior Engineer,Contractor,South,2024-07-25
137,Sophie,Wood,Sophie Wood,Engineer,Contractor,East,2022-07-31
138,Jack,Walker,Jack Walker,Engineer,Permanent,East,2022-08-14
139,Grace,Johnson,Grace Johnson,Senior Engineer,Permanent,West,2018-12-27
140,Jack,Roberts,Jack Roberts,Senior Engineer,Permanent,West,2023-10-09
141,James,Hill,James Hill,Senior Engineer,Contractor,North,2020-02-08
142,Oliver,Wright,Oliver Wright,Senior Engineer,Contractor,North,2020-04-13
143,Harry,Hill,Harry Hill,Engineer,Contractor,West,2023-06-09
144,Emma,Smith,Emma Smith,Engineer,Permanent,East,2024-03-06
145,James,Hill,James Hill,Senior Engineer,Permanent,South,2019-04-10
146,William,Wilson,William Wilson,Engineer,Contractor,East,2023-09-16
147,Harry,Green,Harry Green,Senior Engineer,Contractor,South,2023-02-14
148,Jessica,Brown,Jessica Brown,Senior Engineer,Permanent,South,2018-10-13
149,Harry,Green,Harry Green,Senior Engineer,Contractor,North,2021-03-04
150,Amelia,Ward,Amelia Ward,Senior Engineer,Permanent,West,2024-01-16
151,Grace,Wright,Grace Wright,Senior Engineer,Contractor,West,2021-08-11
152,Thomas,Thomas,Thomas Thomas,Senior Engineer,Permanent,West,2018-06-28
153,Jack,Wood,Jack Wood,Senior Engineer,Contractor,South,2023-07-22
154,Sarah,Brown,Sarah Brown,Senior Engineer,Permanent,West,2019-02-13
155,Oliver,Turner,Oliver Turner,Engineer,Permanent,West,2019-09-25
156,Daniel,Wood,Daniel Wood,Senior Engineer,Contractor,West,2018-11-25
157,Jack,Hill,Jack Hill,Senior Engineer,Contractor,West,2024-01-26
158,Sarah,Parker,Sarah Parker,Engineer,Permanent,East,2020-07-20
159,Daniel,Green,Daniel Green,Engineer,Permanent,West,2019-11-13
160,Amelia,Smith,Amelia Smith,Engineer,Contractor,North,2021-04-16
161,Emily,Wright,Emily Wright,Senior Engineer,Permanent,South,2023-12-16
162,Sophie,Ward,Sophie Ward,Engineer,Permanent,South,2018-11-20
163,Lucy,Hall,Lucy Hall,Engineer,Contractor,South,2020-08-09
164,William,Roberts,William Roberts,Senior Engineer,Contractor,North,2023-03-21
165,Amelia,Hill,Amelia Hill,Engineer,Permanent,West,2021-11-16
166,Henry,Johnson,Henry Johnson,Senior Engineer,Contractor,West,2021-05-22
167,Thomas,Hall,Thomas Hall,Senior Engineer,Permanent,South,2022-04-12
168,Henry,Wright,Henry Wright,Senior Engineer,Contractor,North,2022-06-10
169,Harry,Smith,Harry Smith,Engineer,Contractor,East,2020-07-31
170,Lucy,Wright,Lucy Wright,Engineer,Permanent,East,2019-07-15
171,Emma,Jones,Emma Jones,Senior Engineer,Contractor,North,2024-07-01
172,Emily,Brown,Emily Brown,Engineer,Contractor,East,2022-08-29
173,Olla,Evans,Olla Evans,Engineer,Contractor,East,2019-11-05
174,Harry,Wood,Harry Wood,Senior Engineer,Contractor,North,2023-04-03
175,Daniel,Brown,Daniel Brown,Engineer,Contractor,East,2019-01-05
176,George,Smith,George Smith,Senior Engineer,Permanent,West,2022-02-18
177,Harry,Ward,Harry Ward,Senior Engineer,Contractor,North,2020-08-15
178,Grace,Smith,Grace Smith,Senior Engineer,Permanent,North,2023-03-17
179,Amelia,Green,Amelia Green,Engineer,Permanent,North,2018-06-02
180,Amelia,Wood,Amelia Wood,Engineer,Permanent,South,2024-01-11
181,Michael,Hall,Michael Hall,Senior Engineer,Contractor,West,2024-08-02
182,Michael,Green,Michael Green,Engineer,Contractor,West,2021-02-19
183,Sarah,Wright,Sarah Wright,Engineer,Contractor,West,2020-08-25
184,Emily,Wilson,Emily Wilson,Senior Engineer,Contractor,North,2022-06-19
185,Harry,Evans,Harry Evans,Engineer,Contractor,North,2020-05-18
186,Lucy,Smith,Lucy Smith,Engineer,Contractor,South,2019-05-31
187,Henry,Evans,Henry Evans,Engineer,Permanent,South,2020-08-12
188,Jack,Brown,Jack Brown,Engineer,Contractor,South,2019-06-17
189,Jessica,Roberts,Jessica Roberts,Engineer,Permanent,North,2019-06-24
190,James,Wright,James Wright,Engineer,Contractor,North,2019-12-15
191,Harry,Jones,Harry Jones,Engineer,Contractor,North,2018-09-18
192,Grace,Turner,Grace Turner,Senior Engineer,Permanent,West,2023-08-26
193,Charlotte,Parker,Charlotte Parker,Engineer,Contractor,West,2018-05-08
194,Sarah,Wood,Sarah Wood,Senior Engineer,Contractor,North,2023-07-02
195,William,Taylor,William Taylor,Engineer,Contractor,South,2018-09-27
196,Michael,Roberts,Michael Roberts,Senior Engineer,Contractor,East,2023-02-02
197,Oliver,Parker,Oliver Parker,Senior Engineer,Permanent,North,2024-03-08
198,Thomas,Green,Thomas Green,Senior Engineer,Permanent,West,2021-10-20
199,William,Hall,William Hall,Senior Engineer,Permanent,East,2022-10-15
200,Jack,Roberts,Jack Roberts,Senior Engineer,Permanent,West,2018-10-02
201,Daniel,Taylor,Daniel Taylor,Engineer,Contractor,North,2022-03-07
202,Michael,Hill,Michael Hill,Engineer,Contractor,North,2022-08-10
203,Emily,Green,Emily Green,Engineer,Contractor,East,2021-12-11
204,Emma,Ward,Emma Ward,Engineer,Permanent,West,2020-07-07
205,Emma,Wright,Emma Wright,Senior Engineer,Permanent,East,2024-06-09
206,Charlotte,Green,Charlotte Green,Engineer,Contractor,North,2020-01-09
207,Harry,Johnson,Harry Johnson,Senior Engineer,Contractor,North,2020-01-14
208,Michael,Ward,Michael Ward,Senior Engineer,Permanent,South,2018-05-06
209,Daniel,Cooper,Daniel Cooper,Engineer,Contractor,West,2023-02-02
210,Jack,Davies,Jack Davies,Senior Engineer,Contractor,East,2024-05-13
211,Lucy,Taylor,Lucy Taylor,Engineer,Permanent,South,2018-07-23
212,Daniel,Roberts,Daniel Roberts,Senior Engineer,Contractor,West,2024-10-22
213,William,Green,William Green,Senior Engineer,Permanent,North,2021-11-14
214,Sophie,Wilson,Sophie Wilson,Senior Engineer,Contractor,East,2018-07-06
215,Charlotte,Hall,Charlotte Hall,Engineer,Permanent,South,2021-05-19
216,Thomas,Brown,Thomas Brown,Senior Engineer,Contractor,East,2019-05-07
217,James,Wood,James Wood,Senior Engineer,Permanent,South,2022-04-07
218,Jessica,Thomas,Jessica Thomas,Senior Engineer,Permanent,West,2018-06-23
219,Sophie,Smith,Sophie Smith,Senior Engineer,Permanent,East,2024-06-16
220,Sophie,Ward,Sophie Ward,Senior Engineer,Contractor,East,2019-04-17
221,George,Smith,George Smith,Senior Engineer,Permanent,West,2022-01-22
222,Daniel,Green,Daniel Green,Engineer,Permanent,West,2024-08-09
223,George,Cooper,George Cooper,Engineer,Contractor,East,2021-10-22
224,Charlotte,Walker,Charlotte Walker,Engineer,Permanent,North,2023-12-14
225,Oliver,Evans,Oliver Evans,Senior Engineer,Contractor,South,2020-08-25
226,Emma,Brown,Emma Brown,Senior Engineer,Permanent,South,2024-10-03
227,Michael,Taylor,Michael Taylor,Engineer,Contractor,West,2024-04-28
228,Henry,Turner,Henry Turner,Senior Engineer,Contractor,South,2022-12-07
229,Daniel,Wood,Daniel Wood,Senior Engineer,Contractor,East,2024-08-19
230,Sarah,Wright,Sarah Wright,Engineer,Contractor,West,2023-01-26
231,Sarah,Jones,Sarah Jones,Senior Engineer,Contractor,North,2019-01-05
232,Lucy,Parker,Lucy Parker,Senior Engineer,Contractor,North,2023-01-17
233,Henry,Evans,Henry Evans,Senior Engineer,Contractor,South,2018-09-11
234,William,Wilson,William Wilson,Senior Engineer,Permanent,South,2018-06-10
235,Charlotte,Turner,Charlotte Turner,Senior Engineer,Permanent,East,2022-03-08
236,Amelia,Hall,Amelia Hall,Senior Engineer,Contractor,North,2021-10-02
237,Daniel,Walker,Daniel Walker,Engineer,Contractor,East,2020-10-29
238,Lucy,Brown,Lucy Brown,Senior Engineer,Permanent,South,2021-12-03
239,Amelia,Hall,Amelia Hall,Engineer,Permanent,East,2024-04-08
240,George,Walker,George Walker,Engineer,Permanent,West,2023-09-14
241,Emily,Smith,Emily Smith,Senior Engineer,Contractor,South,2020-05-27
242,Jack,Wood,Jack Wood,Engineer,Permanent,South,2019-09-27
243,Daniel,Johnson,Daniel Johnson,Engineer,Permanent,East,2019-06-21
244,Lucy,Hall,Lucy Hall,Engineer,Permanent,South,2019-11-10
245,William,Jones,William Jones,Senior Engineer,Contractor,South,2022-12-25
246,Lucy,Johnson,Lucy Johnson,Senior Engineer,Permanent,South,2021-06-21
247,Grace,Evans,Grace Evans,Senior Engineer,Contractor,West,2021-02-28
248,George,Cooper,George Cooper,Senior Engineer,Permanent,South,2024-10-12
249,Michael,Roberts,Michael Roberts,Engineer,Contractor,East,2024-03-21
250,Emma,Cooper,Emma Cooper,Engineer,Contractor,North,2019-10-19
251,Harry,Turner,Harry Turner,Engineer,Contractor,North,2020-06-28
252,William,Wright,William Wright,Engineer,Contractor,North,2022-06-12
253,Oliver,Wright,Oliver Wright,Engineer,Contractor,North,2022-03-16
254,Charlotte,Smith,Charlotte Smith,Senior Engineer,Permanent,East,2019-08-22
255,Michael,Jones,Michael Jones,Senior Engineer,Contractor,South,2023-04-06
256,William,Parker,William Parker,Engineer,Permanent,North,2020-11-14
257,Thomas,Brown,Thomas Brown,Senior Engineer,Permanent,East,2020-08-31
258,Amelia,Wilson,Amelia Wilson,Engineer,Permanent,West,2023-02-16
259,Daniel,Wilson,Daniel Wilson,Senior Engineer,Permanent,South,2019-08-12
260,Amelia,Green,Amelia Green,Engineer,Contractor,South,2024-05-26
261,Sophie,Davies,Sophie Davies,Engineer,Contractor,North,2023-11-25
262,Jessica,Cooper,Jessica Cooper,Engineer,Contractor,West,2018-06-28
263,George,Wright,George Wright,Senior Engineer,Permanent,East,2018-10-04
264,Emily,Thomas,Emily Thomas,Engineer,Contractor,South,2018-07-01
265,Emily,Hill,Emily Hill,Senior Engineer,Permanent,West,2023-05-15
266,Olla,Brown,Olla Brown,Engineer,Contractor,North,2021-04-16
267,Thomas,Jones,Thomas Jones,Engineer,Permanent,East,2021-06-24
268,Oliver,Hall,Oliver Hall,Senior Engineer,Contractor,North,2020-02-22
269,Amelia,Wright,Amelia Wright,Engineer,Contractor,East,2019-05-25
270,Emily,Green,Emily Green,Senior Engineer,Contractor,West,2021-10-20
271,Olla,Wood,Olla Wood,Senior Engineer,Contractor,East,2018-12-05
272,Sophie,Taylor,Sophie Taylor,Senior Engineer,Permanent,East,2021-08-08
273,Emma,Taylor,Emma Taylor,Senior Engineer,Contractor,East,2023-01-01
274,Lucy,Green,Lucy Green,Engineer,Contractor,East,2023-01-06
275,Sarah,Wright,Sarah Wright,Senior Engineer,Contractor,North,2018-11-04
276,George,Wright,George Wright,Engineer,Permanent,South,2024-10-24
277,William,Jones,William Jones,Engineer,Permanent,South,2022-02-09
278,Emily,Hall,Emily Hall,Engineer,Permanent,West,2022-02-28
279,Emily,Turner,Emily Turner,Engineer,Permanent,East,2022-06-19
280,Jack,Roberts,Jack Roberts,Engineer,Permanent,North,2020-02-02
281,Grace,Cooper,Grace Cooper,Senior Engineer,Permanent,East,2020-12-02
282,William,Evans,William Evans,Senior Engineer,Contractor,South,2019-05-18
283,Michael,Taylor,Michael Taylor,Senior Engineer,Permanent,West,2018-12-26
284,Jack,Wright,Jack Wright,Engineer,Contractor,East,2019-10-08
285,Olla,Wright,Olla Wright,Engineer,Permanent,South,2019-07-23
286,Charlotte,Wood,Charlotte Wood,Engineer,Contractor,East,2023-03-30
287,Jessica,Brown,Jessica Brown,Engineer,Permanent,East,2022-06-19
288,Grace,Cooper,Grace Cooper,Senior Engineer,Contractor,North,2019-05-29
289,Jack,Taylor,Jack Taylor,Senior Engineer,Contractor,East,2019-06-10
290,Jessica,Ward,Jessica Ward,Engineer,Permanent,West,2023-08-22
291,Sarah,Wilson,Sarah Wilson,Engineer,Contractor,South,2019-10-26
292,Jack,Thomas,Jack Thomas,Senior Engineer,Contractor,North,2020-10-23
293,Thomas,Hill,Thomas Hill,Senior Engineer,Permanent,East,2023-12-26
294,Daniel,Cooper,Daniel Cooper,Engineer,Permanent,South,2024-10-14
295,Jack,Ward,Jack Ward,Engineer,Permanent,North,2018-07-06
296,Henry,Roberts,Henry Roberts,Engineer,Contractor,North,2023-08-02
297,Jessica,Johnson,Jessica Johnson,Senior Engineer,Contractor,South,2022-07-22
298,Amelia,Turner,Amelia Turner,Engineer,Permanent,South,2022-12-06
299,Sophie,Wood,Sophie Wood,Senior Engineer,Permanent,East,2024-10-20
300,Michael,Walker,Michael Walker,Senior Engineer,Contractor,West,2019-06-20
